,title,url
0,KB국민은행 2년 연속 경영평가 최우수기업 선정,http://yna.kr/AKR20210522035700003?did=1195m
1,"""방금 앱상담, 만족하셨나요?"" 신한銀, 은행권 첫 '디지털 고객경험 만족도 조사'",https://www.hankyung.com/economy/article/202105239317i
2,"신한금융, 스타트업 비즈니스 네트워킹 프로그램 개최",http://www.edaily.co.kr/news/newspath.asp?newsid=02325526629051216
3,“문과생 말고 컴공생 모셔요”… 공채 대신 IT 인력 수시 채용하는 은행들,https://biz.chosun.com/stock/finance/2021/05/23/7MYJS32QOVBJXLJVEXGT4SSXZ4/?utm_source=naver&utm_medium=original&utm_campaign=biz
4,"'배달통' 가고, 신한은행·티몬 오고… 배달앱 시장 춘추전국시대",http://www.viva100.com/main/view.php?key=20210523010004715
5,"신한금융, 업무용 차량 6만여대 친환경차로 교체",http://www.fnnews.com/news/202105201524024743
6,"신한금융, 무공해車 전환…5대 금융지주 전략 EGS 경영 '박차'",http://www.newspim.com/news/view/20210521000867
7,우리은행 경영진 제재…금융위 안건 소위가 관건,http://www.newsis.com/view/?id=NISX20210521_0001449315&cID=10401&pID=10400
8,"신한은행, 자산관리플랫폼 'SOL 지갑' 출시…백신 접종 증명 기능도",https://www.news1.kr/articles/?4312214
9,가상화폐 급등락에 은행권까지 ‘간담 서늘’,https://biz.chosun.com/stock/finance/2021/05/22/ESEER4ZEV5EDDEAQFKYSNDBXVU/?utm_source=naver&utm_medium=original&utm_campaign=biz
10,전셋값 치솟는데…대출 문턱 높이는 시중은행,https://view.asiae.co.kr/article/2021052215381295439
11,"조용병 신한금융 회장, '제로카본·제로퓨얼' 선언",http://www.edaily.co.kr/news/newspath.asp?newsid=02420646629050888
12,"시중은행·카뱅, 암호화폐 거래소 제휴 꺼리는 이유는?",http://www.edaily.co.kr/news/newspath.asp?newsid=01571126629051872
13,신한은행 ‘쏠 지갑’ 출시… 코로나 백신접종 증명도 가능,https://biz.chosun.com/stock/finance/2021/05/20/XMSVYFXNC5EAHO73CFPNHMJKYQ/?utm_source=naver&utm_medium=original&utm_campaign=biz
14,"신한은행, 선물환 거래확인서 비대면 서비스 출시",http://www.newsis.com/view/?id=NISX20210517_0001443496&cID=10401&pID=10400
15,환경 보호 잘하면 대출도 더 싸게…은행권 ESG 상품 경쟁 '가열',https://www.news1.kr/articles/?4312739
16,"KB국민은행, e스포츠 프로게임단 지원…MZ세대 소통 강화",http://www.edaily.co.kr/news/newspath.asp?newsid=02299286629051216
17,"신한은행, 스타트업·특성화고학생 연결 '신한 커리어온' 모집",https://www.news1.kr/articles/?4310362
18,"신한은행, 디지털 월렛 'SOL 지갑' 출시…""코로나 백신접종 증명 가능""",http://www.wowtv.co.kr/NewsCenter/News/Read?articleId=A202105200261&t=NN
19,은행들 “디지털 자산 시장 선점하자”…편의성 높인 디지털 지갑 서비스 출시 러시,http://news.khan.co.kr/kh_news/khan_art_view.html?artid=202105231628001&code=920301
20,"KB국민은행, 2년 연속 금융사 경영평가 최우수기업 선정",http://www.efnews.co.kr/news/articleView.html?idxno=90144
21,하나은행도 페이먼트 시장 진출?…GLN 결합 `하나페이` 나오나,http://www.dt.co.kr/contents.html?article_no=2021052302109963077004&ref=naver
22,"신한은행, '환헤지'도 비대면으로",http://news.heraldcorp.com/view.php?ud=20210517000286
23,은행 내달초까지 가상자산거래소 평가기준 마련..사기이력도 점검,http://www.fnnews.com/news/202105201034300334
24,공채 대신 디지털·지역인재 맞춤형 선발…달라진 은행권 채용,http://yna.kr/AKR20210519066900002?did=1195m
25,"신한은행, 네이버페이와 전세대출 연계한다",https://biz.chosun.com/stock/finance/2021/05/12/7IISUYCKSBFDJHV4CDF7DOBMFE/?utm_source=naver&utm_medium=original&utm_campaign=biz
26,"신한은행, 특성화고·스타트업 연계 ‘신한 커리어온’ 모집",http://moneys.mt.co.kr/news/mwView.php?no=2021051814458019049
27,"신한은행, ‘경조사비 이체 서비스’ 6년 만에 종료",https://biz.chosun.com/stock/finance/2021/05/20/4TDFEMIMEBE7RHP3QRIRPG6KNE/?utm_source=naver&utm_medium=original&utm_campaign=biz
28,"KB·하나·우리은행, 가상자산 거래소와 실명 계좌 제휴 안할듯",http://www.viva100.com/main/view.php?key=20210523010004721
29,"신한금융, 스타트업 네트워킹 '월간 Find:' 개최",http://www.smedaily.co.kr/news/articleView.html?idxno=204075
30,"""갭투자용 전세대출도 규제"" 소문에…하나은행 전세대출 심사강화 '없던 일로'",https://www.hankyung.com/economy/article/202105202455i
31,"은행권 가상자산시장 선점경쟁 치열, 비트코인부터 CBDC까지 대비나서",https://www.businesspost.co.kr/BP?command=article_view&num=232710
32,"신한은행, 특성화고-스타트업 인재 매칭 지원",http://news.heraldcorp.com/view.php?ud=20210519000147
33,"""자산관리에서 백신접종 증명까지""...신한은행, '쏠 지갑' 출시",https://www.fetv.co.kr/news/article.html?no=85429
34,"'게임사·빅테크와 맞손' 시중은행,  MZ세대 유치에 '총력'",http://www.sporbiz.co.kr/news/articleView.html?idxno=524319
35,"KB국민 신한 우리은행 디지털인재 '모시기', 빅테크와 총성없는 전쟁",https://www.businesspost.co.kr/BP?command=article_view&num=232566
36,"신한금융그룹, 2030년까지 업무용 차량 무공해차 100% 전환",http://www.cbci.co.kr/news/articleView.html?idxno=415596
37,"신한은행, '특성화고·스타트업 매칭' 참가자 모집",http://www.shinailbo.co.kr/news/articleView.html?idxno=1412662
38,"신한은행, '쏠(SOL) 지갑' 출시…백신접종 증명서비스도 제공",http://www.queen.co.kr/news/articleView.html?idxno=359914
39,"신한은행, 디지털 월렛 ‘SOL 지갑’ 출시",http://www.ddaily.co.kr/news/article.html?no=214581
40,"""중금리가 효자""…저축은행, 제대로 덕 봤다[이슈+]",https://www.hankyung.com/economy/article/2021052099026
41,"""금융거래만 하라고?""…생활밀착 서비스로 고객 사로잡는 은행들",http://www.mediapen.com/news/view/630179
42,[브리핑] 하나은행·신한은행·미래에셋증권·NH투자증권,http://4th.kr/View.aspx?No=1635795
43,"신한은행, 신한카드와 빅데이터 기반 자영업자 컨설팅",https://biz.chosun.com/stock/finance/2021/05/14/D2FVR342BRFHZCJJQ7YQXNUXIU/?utm_source=naver&utm_medium=original&utm_campaign=biz
44,코인 '환치기' 막아라… 은행권 해외송금 제한 잇단 강화,http://www.busan.com/view/busan/view.php?code=2021051814381775158
45,"신한은행, 신한카드와 서울 자영업자 컨설팅",https://www.sedaily.com/NewsView/22MCVUMCHI
46,"KB국민은행, 샌드박스 게이밍과 네이밍 스폰서십 체결",http://www.womaneconomy.kr/news/articleView.html?idxno=103411
47,"충북대, 신한은행 발전기금 기탁식 열어",http://www.kyosu.net/news/articleView.html?idxno=67360
48,"KB국민은행-샌드박스 게이밍, 네이밍 스폰서십 추가 체결",http://www.techholic.co.kr/news/articleView.html?idxno=198275
49,"신한은행, ‘선물환 거래확인서 비대면 서비스’ 선봬",http://www.cnbnews.com/news/article.html?no=492061
50,"신한금융, 2030년까지 업무車 6만대 무공해차로 전면교체",https://news.mtn.co.kr/newscenter/news_viewer.mtn?gidx=2021052012552043086
51,"여자농구 하나원큐-신한은행, 2대2 트레이드 단행",http://www.newsis.com/view/?id=NISX20210517_0001443694&cID=10505&pID=10500
52,"은행, 암호화폐 거래소 송곳 검증 예고",http://www.newsis.com/view/?id=NISX20210521_0001448388&cID=10401&pID=10400
53,"KB국민은행, 샌드박스 게이밍과 네이밍 스폰서십 추가 체결",http://www.paxetv.com/news/articleView.html?idxno=117642
54,[5월 4주] 저축은행 정기예금(24개월) 최고 연 1.90%…지주계열 중 NH저축은행 가장 높아,http://www.fntimes.com/html/view.php?ud=202105231227533330ee0209bd21_18
55,"신한은행, ‘선물환 거래확인서 비대면 서비스’ 출시",http://www.ddaily.co.kr/news/article.html?no=214371
56,"신한은행, 선물환 거래확인서 비대면 서비스 출시",http://www.safetimes.co.kr/news/articleView.html?idxno=95487
57,"""1020 잡아라""…Z세대에 문턱 낮추는 은행들",https://www.hankyung.com/economy/article/2021051866351
58,"조용병 신한금융 회장, '제로카본·퓨얼' 선언…전 업무용차 2030년까지 '무공해차' 전환",http://www.newsworks.co.kr/news/articleView.html?idxno=549552
59,"[뉴스투데이 E] 신한금융그룹, 스타트업 네트워킹 프로그램 ‘월간 Find:’ 개최",https://www.news2day.co.kr/article/20210521500118
60,"신한은행, 특성화고-스타트업 인재 매칭을 위한 신한 커리어온 1기 모집",http://www.datanews.co.kr/news/article.html?no=112789
61,"좁아지는 은행 취업문, 문과생은 언제 뽑나?",https://magazine.hankyung.com/business/article/202105186388b
62,"신한은행, 빅데이터 활용해 상권분석 컨설팅",http://www.fnnews.com/news/202105151008332569
63,"신한은행, 선물환 거래 확인서 비대면으로 제출 가능",http://www.efnews.co.kr/news/articleView.html?idxno=90073
64,"특성화고+스타트업···신한은행, '신한 커리어온' 1기 모집",http://www.womaneconomy.kr/news/articleView.html?idxno=103223
65,"신한은행, 자영업자 대상 빅데이터 상권분석 컨설팅 제공",https://view.asiae.co.kr/article/2021051414342998738
66,"신한은행, '쏠 지갑' 출시···코로나19 백신 접종증명도 가능",http://www.koreastocknews.com/news/articleView.html?idxno=63387
67,"신한은행, 청년 취업 지원 플랫폼 통해 신한 커리어온 1기 모집",http://www.insnews.co.kr/design_php/news_view.php?num=65598&firstsec=1&secondsec=17
68,"신한은행, '선물환 거래확인서 비대면 서비스' 출시",http://www.techholic.co.kr/news/articleView.html?idxno=198204
69,"신한은행, 선물환 거래확인서 비대면 서비스 출시",https://www.fetv.co.kr/news/article.html?no=85020
70,커스터디 사업 놓고 속앓이하는 은행,http://www.etnews.com/20210518000145
71,"은행권, 백신경제 동참…백신휴가 '스타트'",https://www.ebn.co.kr/news/view/1484543/?sc=Naver
72,"증권사, 은행과 분기 순이익 대등해져…증시 호황 영향",https://view.asiae.co.kr/article/2021052312152632039
73,"은행권, 채용 봇물…디지털·지역특화 맞춤형 선발 치중",https://daily.hankooki.com/lpage/finance/202105/dh20210520164230148320.htm?s_ref=nv
74,"신한은행, ‘SOL 지갑’출시…백신 접종 증명 서비스도",https://www.inthenews.co.kr/news/article.html?no=34568
75,"신한은행 ""'SOL지갑'으로 활용하세요""",http://www.newsworker.co.kr/news/articleView.html?idxno=114666
76,신한은행 쏠퀴즈·더 겜성퀴즈·신한 페이판 OX 퀴즈 5월21일 정답은?,http://www.newsworks.co.kr/news/articleView.html?idxno=549580
77,"신한은행, 강원도민 비대면 보조금 신청 지원",http://www.fnnews.com/news/202105131502025146
78,"신한은행, 신한카드와 서울 빅데이터 상권분석 컨설팅",https://www.dailian.co.kr/news/view/991601/?sc=Naver
79,"신한금융그룹, 'Zero Carbon·Zero Fuel' 선언",http://www.businesskorea.co.kr/news/articleView.html?idxno=67562
80,"신한은행, 모바일앱에 코로나19 백신접종 증명하는 서비스 내놔",https://www.businesspost.co.kr/BP?command=article_view&num=232413
81,"신한은행, 특성화고-스타트업 인재매칭 위한 '신한 커리어온 1기' 모집",http://www.newsquest.co.kr/news/articleView.html?idxno=84603
82,"신한은행, 특성화고 학생 지원하는 '신한커리어온' 1기 모집",http://www.pinpointnews.co.kr/view.php?ud=2021051810384035209f27410725_45
83,"신한은행, 수출입 기업고객 대상 '선물환 거래확인서 비대면 서비스' 출시",http://www.thefirstmedia.net/news/articleView.html?idxno=75682
84,"신한은행, 선물환 거래확인서 비대면 제출 서비스 출시",http://thepublic.kr/news/newsview.php?ncode=1065605107580762
85,"신한은행, 선물환 거래확인서 비대면 제출 서비스 출시",http://www.pinpointnews.co.kr/view.php?ud=2021051713224987929f27410725_45
86,"신한금융그룹, 제로카본·제로퓨얼 선언",http://it.chosun.com/site/data/html_dir/2021/05/20/2021052001400.html
87,"신한은행, '선물환 거래확인서 비대면 서비스' 출시",http://www.newsquest.co.kr/news/articleView.html?idxno=84561
88,신한은행 “코로나19 백신접종 증명도 ‘SOL지갑’으로 활용하세요”,http://www.nspna.com/news/?mode=view&newsid=503008
89,"은행권, 공채 줄이고 '디지털전환 맞춤형' 채용 방점...디지털 인재상은?",http://www.updownnews.co.kr/news/articleView.html?idxno=231741
90,"신한은행, ‘해외주식 선물하기’ 출시",https://biz.chosun.com/stock/finance/2021/05/10/UB25FG3Z3RDDHB3TZ2RXDERCME/?utm_source=naver&utm_medium=original&utm_campaign=biz
91,"신한금융그룹, '2030년까지 업무용 차량 100% 친환경으로 교체'",http://www.mediasr.co.kr/news/articleView.html?idxno=69019
92,"신한은행·카드, 서울 자영업자 상권분석 컨설팅",http://www.shinailbo.co.kr/news/articleView.html?idxno=1411554
93,"신한은행, ‘선물환 거래확인서 비대면 서비스’ 출시",http://www.lawissue.co.kr/view.php?ud=202105171346027582204ead0791_12
94,`전자금융거래 검증 미흡` 신한銀·한투증권 과태료,http://www.dt.co.kr/contents.html?article_no=2021052002100863048003&ref=naver
95,"""인재를 찾습니다""···신한은행, 신한 커리어온 1기 모집",http://www.globale.co.kr/news/articleView.html?idxno=12833
96,"신한금융, 2023년까지 업무용차 6만여대 무공해차로 교체",http://www.segyebiz.com/newsView/20210520517532?OutUrl=naver
97,서현주 제주은행장 “여성 리더의 지원군 되겠다”,https://www.etoday.co.kr/news/view/2027988
98,"신한금융그룹 , 스타트업 프로그램 개최해 , 취업 연계 양질 프로그램 지원",http://www.cbci.co.kr/news/articleView.html?idxno=415632
99,"[금융사 성과급 잔치 ③은행] 은행권 1분기 평균 급여 최고, 신한은행",http://news.heraldcorp.com/view.php?ud=20210518000187
100,신한은행 디지털 월렛 'SOL 지갑' 출시... 백신예방접종증명서 탑재,http://www.consumernews.co.kr/news/articleView.html?idxno=626902
101,"신한은행, 디지털 월렛 'SOL 지갑' 출시",http://www.cstimes.com/news/articleView.html?idxno=461473
102,"신한은행, 수출입기업 ‘선물환 거래확인서’ 비대면 제출 가능",https://biz.chosun.com/stock/finance/2021/05/17/CYCJW5NAHNE7FB24E7DU4HSJNI/?utm_source=naver&utm_medium=original&utm_campaign=biz
103,신한銀 '특성화고-스타트업 인재매칭' 커리어온 1기 모집,https://www.sedaily.com/NewsView/22MEP7SXXG
104,신한은행 ‘선물환 거래확인서 비대면 서비스’ 출시,https://daily.hankooki.com/lpage/finance/202105/dh20210517102007148320.htm?s_ref=nv
105,"신한금융, 2030년까지 업무용차량 6만여대 무공해차로 전환",https://www.ebn.co.kr/news/view/1484320/?sc=Naver
106,"신한금융, 2030년까지 업무차량 6만여대 무공해차로 교체",http://www.mediapen.com/news/view/629714
107,"신한, 자산·인증 담은 '쏠 지갑' 출시…백신접종 증명 포함",http://www.newsis.com/view/?id=NISX20210520_0001447483&cID=10401&pID=10400
108,"신한금융, 스타트업 네트워킹 프로그램 개최",http://psnews.co.kr/View.aspx?No=1638332
109,"신한은행, ‘경조사비 이체 서비스’ 6년 만에 종료",https://biz.chosun.com/stock/finance/2021/05/20/4TDFEMIMEBE7RHP3QRIRPG6KNE/?utm_source=naver&utm_medium=original&utm_campaign=biz
110,"조용병, 신한금융 업무용 차량 6만 대를 친환경차로 바꾸기로",https://www.businesspost.co.kr/BP?command=article_view&num=232401
111,"신한은행, 'SOL지갑' 출시...코로나19 백신접종 증명 가능",http://www.paxetv.com/news/articleView.html?idxno=117529
112,신한은행 `선물환 거래확인서 비대면 서비스` 출시,http://www.dt.co.kr/contents.html?article_no=2021051702109963077002&ref=naver
113,"신한금융그룹, 'Zero Carbon·Zero Fuel' 선언",http://www.pressm.kr/news/articleView.html?idxno=43733
114,"신한은행, 신한 커리어온 1기 모집",http://www.digitaltoday.co.kr/news/articleView.html?idxno=402892
115,"신한, 자산·인증 담은 '쏠 지갑' 출시…백신접종 증명 포함",http://www.newsis.com/view/?id=NISX20210520_0001447483&cID=10401&pID=10400
116,"신한은행, 디지털 월렛 ‘SOL 지갑’ 선봬",http://www.cnbnews.com/news/article.html?no=492539
117,"신한銀, 선물환거래확인서 비대면 서비스 출시",http://www.edaily.co.kr/news/newspath.asp?newsid=02082806629049904
118,"신한금융, 스타트업 네트워킹 프로그램 개최",http://psnews.co.kr/View.aspx?No=1638332
119,"신한은행, ‘경조사비 이체 서비스’ 6년 만에 종료",https://biz.chosun.com/stock/finance/2021/05/20/4TDFEMIMEBE7RHP3QRIRPG6KNE/?utm_source=naver&utm_medium=original&utm_campaign=biz
120,"신한은행, 디지털 월렛 ‘SOL 지갑’ 선봬",http://www.cnbnews.com/news/article.html?no=492539
121,"신한銀, 선물환거래확인서 비대면 서비스 출시",http://www.edaily.co.kr/news/newspath.asp?newsid=02082806629049904
122,"신한금융, 스타트업 네트워킹 프로그램 개최",http://psnews.co.kr/View.aspx?No=1638332
123,"신한은행, 코로나19 백신접종 증명도 'SOL지갑'에서",https://www.ngetnews.com/news/articleView.html?idxno=400508
124,"신한은행, ‘경조사비 이체 서비스’ 6년 만에 종료",https://biz.chosun.com/stock/finance/2021/05/20/4TDFEMIMEBE7RHP3QRIRPG6KNE/?utm_source=naver&utm_medium=original&utm_campaign=biz
125,"신한은행 '쏠 지갑' 출시…""자산·전자문서 간편 관리""",http://www.newstomato.com/ReadNews.aspx?no=1045654&inflow=N
126,"KB국민은행, 샌드박스 게이밍과 네이밍 스폰서십 추가 체결",http://www.joseilbo.com/news/news_read.php?uid=424163&class=51&grp=
127,"신한은행, 신한 커리어온 1기 모집",http://www.mediapen.com/news/view/629105
128,"신한은행, 신한 커리어온 1기 모집",http://www.newsbrite.net/news/articleView.html?idxno=150420
129,"신한은행, ‘선물환 거래확인서 비대면 서비스’ 출시",https://www.dailian.co.kr/news/view/992008/?sc=Naver
130,"KB국민은행, 샌드박스 게이밍과 네이밍 스폰서십 추가 체결",http://www.joseilbo.com/news/news_read.php?uid=424163&class=51&grp=
131,"신한은행, 신한 커리어온 1기 모집",http://www.mediapen.com/news/view/629105
132,"신한은행, 신한 커리어온 1기 모집",http://www.newsbrite.net/news/articleView.html?idxno=150420
133,"신한은행, ‘선물환 거래확인서 비대면 서비스’ 출시",https://www.dailian.co.kr/news/view/992008/?sc=Naver
134,"[뉴스투데이 E] 신한금융그룹, ‘Zero Carbon·Zero Fuel’ 선언",https://www.news2day.co.kr/article/20210520500204
135,"신한은행 ""선물환 거래확인서도 비대면으로 제출해요""",http://moneys.mt.co.kr/news/mwView.php?no=2021051710468035413
136,신한은행'SOL지갑'출시···백신 접종 증명도 SOL 활용,http://www.datasom.co.kr/news/articleView.html?idxno=114454
137,"KB·하나·우리은행, 가상자산 거래소와 실명 계좌 제휴 안할듯",http://www.viva100.com/main/view.php?key=20210523010004721
138,"신한은행, 디지털 월렛 'SOL 지갑' 출시",http://www.iminju.net/news/articleView.html?idxno=72624
139,"신한금융, 스타트업 네트워킹 '월간 Find:' 개최",http://www.smedaily.co.kr/news/articleView.html?idxno=204075
140,"신한은행, 'SOL 지갑' 출시...""코로나19 백신접종 증명 가능""",http://www.lcnews.co.kr/news/articleView.html?idxno=18163
141,"신한금융, 2030년까지 업무차 6만대 무공해차로 바꾼다",http://www.smedaily.co.kr/news/articleView.html?idxno=203994
142,"신한은행, 신한 커리어온 1기 모집",http://www.cnbnews.com/news/article.html?no=492297
143,"신한은행, 선물환 거래확인서 비대면 서비스 출시",http://www.joseilbo.com/news/news_read.php?uid=423825&class=51&grp=
144,"신한은행, 신한 커리어온 1기 모집",http://www.betanews.net:8080/article/1265157.html
145,"신한은행, 디지털 월렛 'SOL 지갑' 출시",http://www.iminju.net/news/articleView.html?idxno=72624
146,"신한금융, 스타트업 네트워킹 '월간 Find:' 개최",http://www.smedaily.co.kr/news/articleView.html?idxno=204075
147,"신한은행, ""코로나19 백신접종 증명도 '쏠 지갑'으로""",http://www.weeklytoday.com/news/articleView.html?idxno=367410
148,"[오늘Who] 신한은행 모험자본 공급 활발, 진옥동 성장기회 더 넓힌다",https://www.businesspost.co.kr/BP?command=article_view&num=232568
149,"""갭투자용 전세대출도 규제"" 소문에…하나은행 전세대출 심사강화 '없던 일로'",https://www.hankyung.com/economy/article/202105202455i
150,"신한은행, ""코로나19 백신접종 증명도 '쏠 지갑'으로""",http://www.weeklytoday.com/news/articleView.html?idxno=367410
151,"신한은행, 특성화고-스타트업 매칭 위한 커리어온 1기 모집",http://www.joseilbo.com/news/news_read.php?uid=423918&class=51&grp=
152,"신한은행, '코로나19' 백신접종 증명 확인 서비스 제공",http://www.newscape.co.kr/news/view.php?idx=61971
153,"신한은행, '선물환 거래확인서 비대면 서비스' 출시",http://www.newspim.com/news/view/20210517000240
154,"[오늘Who] 신한은행 모험자본 공급 활발, 진옥동 성장기회 더 넓힌다",https://www.businesspost.co.kr/BP?command=article_view&num=232568
155,"신한금융그룹, S² Bridge : 서울 '월간 Find:' 개최",http://www.businesskorea.co.kr/news/articleView.html?idxno=67631
156,"""갭투자용 전세대출도 규제"" 소문에…하나은행 전세대출 심사강화 '없던 일로'",https://www.hankyung.com/economy/article/202105202455i
157,"신한은행 ,디지털 월렛 'SOL 지갑' 출시",http://www.kihoilbo.co.kr/news/articleView.html?idxno=928074
158,"신한금융, 친환경 프로젝트 'Zero Carbon·Zero Fuel' 선언",http://www.efnews.co.kr/news/articleView.html?idxno=90115
159,"은행권 가상자산시장 선점경쟁 치열, 비트코인부터 CBDC까지 대비나서",https://www.businesspost.co.kr/BP?command=article_view&num=232710
160,"신한은행, 자산 확인 맞춤형 서비스 'SOL 지갑 출시",http://www.pinpointnews.co.kr/view.php?ud=2021052013392410949f27410725_45
161,"신한은행 ,디지털 월렛 'SOL 지갑' 출시",http://www.kihoilbo.co.kr/news/articleView.html?idxno=928074
162,"신한금융, 친환경 프로젝트 'Zero Carbon·Zero Fuel' 선언",http://www.efnews.co.kr/news/articleView.html?idxno=90115
163,"신한금융그룹, 스타트업 네트워크 지원",http://www.kpinews.co.kr/news/articleView.html?idxno=147440
164,"신한은행, 신한 커리어온 1기 모집",http://www.paxetv.com/news/articleView.html?idxno=117411
165,"은행권 가상자산시장 선점경쟁 치열, 비트코인부터 CBDC까지 대비나서",https://www.businesspost.co.kr/BP?command=article_view&num=232710
166,"신한은행, 특성화고-스타트업 인재 매칭 지원",http://news.heraldcorp.com/view.php?ud=20210519000147
167,"신한銀, 특성화고·스타트업 인재 매칭 '신한 커리어온' 1기 모집",https://view.asiae.co.kr/article/2021051810043982938
168,"신한銀, '선물환 거래확인서 비대면 서비스' 출시",https://view.asiae.co.kr/article/2021051710115363964
169,"""자산관리에서 백신접종 증명까지""...신한은행, '쏠 지갑' 출시",https://www.fetv.co.kr/news/article.html?no=85429
170,"신한銀, 특성화고·스타트업 인재 매칭 '신한 커리어온' 1기 모집",https://view.asiae.co.kr/article/2021051810043982938
171,"신한銀, '선물환 거래확인서 비대면 서비스' 출시",https://view.asiae.co.kr/article/2021051710115363964
172,"""자산관리에서 백신접종 증명까지""...신한은행, '쏠 지갑' 출시",https://www.fetv.co.kr/news/article.html?no=85429
173,"신한은행, 신한 커리어온 1기 모집",http://www.thebigdata.co.kr/view.php?ud=202105181116147485d0a8833aad_23
174,"'게임사·빅테크와 맞손' 시중은행,  MZ세대 유치에 '총력'",http://www.sporbiz.co.kr/news/articleView.html?idxno=524319
175,"신한금융, 2030년까지 무공해차 100% 전환 선언",http://www.pinpointnews.co.kr/view.php?ud=2021052013575777709f27410725_45
176,"샌드박스 게이밍-카트라이더팀, KB국민은행과 스폰서십 체결",https://www.gamechosun.co.kr/webzine/article/view.php?no=174835
177,"KB국민 신한 우리은행 디지털인재 '모시기', 빅테크와 총성없는 전쟁",https://www.businesspost.co.kr/BP?command=article_view&num=232566
178,"신한금융그룹, 2030년까지 업무용 차량 무공해차 100% 전환",http://www.cbci.co.kr/news/articleView.html?idxno=415596
179,"지역인재, 디지털·기업금융…은행들 맞춤형 채용 중",http://www.hani.co.kr/arti/economy/finance/995938.html
180,"KB국민 신한 우리은행 디지털인재 '모시기', 빅테크와 총성없는 전쟁",https://www.businesspost.co.kr/BP?command=article_view&num=232566
181,"신한금융그룹, 2030년까지 업무용 차량 무공해차 100% 전환",http://www.cbci.co.kr/news/articleView.html?idxno=415596
182,"지역인재, 디지털·기업금융…은행들 맞춤형 채용 중",http://www.hani.co.kr/arti/economy/finance/995938.html
183,"신한은행, '특성화고·스타트업 매칭' 참가자 모집",http://www.shinailbo.co.kr/news/articleView.html?idxno=1412662
184,"신한은행, '쏠(SOL) 지갑' 출시…백신접종 증명서비스도 제공",http://www.queen.co.kr/news/articleView.html?idxno=359914
185,"신한은행, 디지털 월렛 ‘SOL 지갑’ 출시",http://www.ddaily.co.kr/news/article.html?no=214581
186,"KB국민은행, 샌드박스 게이밍과 네이밍 스폰서십 추가 체결",http://www.lawissue.co.kr/view.php?ud=202105211108277946204ead0791_12
187,"KB·하나·우리은행 ""암호화폐 거래소 제휴 사실상 어렵다""",https://www.sedaily.com/NewsView/22MGZZMIQE
188,"신한금융, 2030년까지 업무차 6만2843대 무공해차로 전면교체",http://www.newsfc.co.kr/news/articleView.html?idxno=46113
189,[5월 4주] 저축은행 정기예금(12개월) 최고 연 1.85%…다수 상품 금리 상승,http://www.fntimes.com/html/view.php?ud=202105231227405310ee0209bd21_18
190,[5월 4주] 저축은행 정기예금(12개월) 최고 연 1.85%…다수 상품 금리 상승,http://www.fntimes.com/html/view.php?ud=202105231227405310ee0209bd21_18
191,"신한은행, 특성화고 학생 창업-취업 지원",http://www.fnnews.com/news/202105181440318966
192,[부고] 정상일(여자프로농구 신한은행 감독)씨 부친상,http://yna.kr/AKR20210521050700007?did=1195m
193,[단독] 신한은행 ‘네이버 부동산’ 전세대출 배너 광고 좌초 위기,https://economist.co.kr/2021/05/17/finance/bank/20210517125900222.html
194,"신한은행, 비대면 '선물환 거래확인서' 시작",http://www.newstomato.com/ReadNews.aspx?no=1044884&inflow=N
195,"신한금융, 2030년까지 업무용 차량 6만여대 무공해차로 전환",https://www.fetv.co.kr/news/article.html?no=85358
196,"""중금리가 효자""…저축은행, 제대로 덕 봤다[이슈+]",https://www.hankyung.com/economy/article/2021052099026
197,"""금융거래만 하라고?""…생활밀착 서비스로 고객 사로잡는 은행들",http://www.mediapen.com/news/view/630179
198,"신한은행, 디지털 월렛 ‘SOL 지갑’ 출시",http://www.lawissue.co.kr/view.php?ud=202105201516463997204ead0791_12
199,"신한은행, '신한 커리어온' 1기 모집",http://www.finomy.com/news/articleView.html?idxno=93330
200,"신한은행, 선물환 거래확인서 비대면 서비스 출시",http://www.fntimes.com/html/view.php?ud=202105171211216632f09e13944d_18
201,"신한은행, 디지털 월렛 ‘SOL 지갑’ 출시...백신 접종 증명도 가능",http://www.betanews.net:8080/article/1265350.html
202,"신한은행, 신한 커리어온 1기 모집",https://daily.hankooki.com/lpage/finance/202105/dh20210518145001148320.htm?s_ref=nv
203,"신한은행, '신한 커리어온' 1기 모집",http://www.finomy.com/news/articleView.html?idxno=93330
204,[브리핑] 하나은행·신한은행·미래에셋증권·NH투자증권,http://4th.kr/View.aspx?No=1635795
205,"신한은행, 신한카드와 빅데이터 기반 자영업자 컨설팅",https://biz.chosun.com/stock/finance/2021/05/14/D2FVR342BRFHZCJJQ7YQXNUXIU/?utm_source=naver&utm_medium=original&utm_campaign=biz
206,"KB국민은행, 샌드박스 게이밍과 네이밍 스폰서십 추가 체결",http://psnews.co.kr/View.aspx?No=1638657
207,코인 '환치기' 막아라… 은행권 해외송금 제한 잇단 강화,http://www.busan.com/view/busan/view.php?code=2021051814381775158
208,"시중은행 공채, 지역·수시채용으로 대체",https://www.sedaily.com/NewsView/22MFN9POOK
209,"신한금융, 2030년까지 업무용 차량 전기·수소차로 바꾼다",http://www.fntimes.com/html/view.php?ud=202105210629057117f09e13944d_18
210,"신한금융, 2030년까지 업무용 차량 전기·수소차로 바꾼다",http://www.fntimes.com/html/view.php?ud=202105210629057117f09e13944d_18
211,"KB국민은행, 샌드박스 게이밍과 네이밍 스폰서십 추가 체결",http://weekly.cnbnews.com/news/article.html?no=138805
212,"신한은행, '선물환 거래확인서' 비대면 서비스",http://www.seoulfn.com/news/articleView.html?idxno=419868
213,"신한금융그룹 ""2030년까지 그룹 업무용 차량 6만여 대 무공해차로 100% 전환""",http://www.thefirstmedia.net/news/articleView.html?idxno=75850
214,"신한금융그룹, 스타트업 네트워킹 프로그램 '월간 Find:'개최",http://www.choicenews.co.kr/news/articleView.html?idxno=81778
215,"신한은행, 신한카드와 서울 자영업자 컨설팅",https://www.sedaily.com/NewsView/22MCVUMCHI
216,"충북대, 신한은행 발전기금 기탁식 열어",http://www.kyosu.net/news/articleView.html?idxno=67360
217,"조용병 신한금융 회장 ""그룹 업무용車 6만2천대, 2030년까지 친환경차로 전환""",http://www.choicenews.co.kr/news/articleView.html?idxno=81753
218,신한은행 '선물환 거래확인서 비대면 서비스' 출시,http://www.digitaltoday.co.kr/news/articleView.html?idxno=402656
219,신한은행 'SOL지갑' 열면 코로나19 백신접종 증명,http://www.globale.co.kr/news/articleView.html?idxno=12851
220,"신한은행, ‘선물환 거래확인서 비대면 서비스’ 선봬",http://www.cnbnews.com/news/article.html?no=492061
221,"조용병 신한금융 회장 ""그룹 업무용車 6만2천대, 2030년까지 친환경차로 전환""",http://www.choicenews.co.kr/news/articleView.html?idxno=81753
222,신한은행 재직 충북대 동문들 발전기금 기탁,http://www.ccdailynews.com/news/articleView.html?idxno=2058169
223,"KB국민은행, 샌드박스 게이밍과 네이밍 스폰서십 추가 체결",http://www.rpm9.com/news/article.html?id=20210521090008
224,신한은행 '선물환 거래확인서 비대면 서비스' 출시,http://www.digitaltoday.co.kr/news/articleView.html?idxno=402656
225,신한은행 'SOL지갑' 열면 코로나19 백신접종 증명,http://www.globale.co.kr/news/articleView.html?idxno=12851
226,"""특성화고 학생 지원"" 신한은행, 신한 커리어온 1기 모집",http://www.koreaittimes.com/news/articleView.html?idxno=105914
227,"신한은행, 강원도민 위한 ‘나야나’ 통합 서비스 플랫폼 구축 추진",http://www.bloter.net/newsView/blt202105130011
228,신한은행·하나원큐 2:2 트레이드 단행…김이슬 다시 친정팀으로[공식발표],http://www.sportsseoul.com/news/read/1042386?ref=naver
229,"신한銀 ""코로나19 백신접종 증명 '쏠 지갑' 활용하세요""",https://view.asiae.co.kr/article/2021052013424094063
230,"신한은행, 강원도민 위한 ‘나야나’ 통합 서비스 플랫폼 구축 추진",http://www.bloter.net/newsView/blt202105130011
231,신한은행 '선물환 거래확인서 비대면 서비스' 출시,http://www.newsprime.co.kr/news/article.html?no=544028
232,"신한은행, 신한 커리어온 1기 모집",http://www.newsway.co.kr/news/view?tp=1&ud=2021051815372427339
233,신한은행·하나원큐 2:2 트레이드 단행…김이슬 다시 친정팀으로[공식발표],http://www.sportsseoul.com/news/read/1042386?ref=naver
234,"신한은행, 기업고객 수출입거래 확인서 비대면 제출서비스 도입",https://www.businesspost.co.kr/BP?command=article_view&num=231808
235,"신한銀 ""코로나19 백신접종 증명 '쏠 지갑' 활용하세요""",https://view.asiae.co.kr/article/2021052013424094063
236,전셋값 꿈틀대는데…대출 문턱 높이는 은행들,https://www.hankyung.com/economy/article/2021052027511
237,"""특성화고-스타트업 인재 매칭"" 신한 커리어온 1기 모집",http://www.dt.co.kr/contents.html?article_no=2021051802109963077004&ref=naver
238,"신한금융그룹, 스타트업 네트워킹 프로그램 '월간 Find:'개최",http://www.pressm.kr/news/articleView.html?idxno=43764
239,"신한금융, '제로 카본·제로 퓨얼' 선언…업무용 차량 100% 무공해차 전환",http://www.updownnews.co.kr/news/articleView.html?idxno=231687
240,"신한은행, ‘선물환 거래확인서 비대면 서비스’ 선보여",http://www.nspna.com/news/?mode=view&newsid=502329
241,"신한금융그룹, 스타트업 네트워킹 프로그램 '월간 Find:'개최",http://www.pressm.kr/news/articleView.html?idxno=43764
242,"신한금융, '제로 카본·제로 퓨얼' 선언…업무용 차량 100% 무공해차 전환",http://www.updownnews.co.kr/news/articleView.html?idxno=231687
243,"KB국민은행, 샌드박스 게이밍과 네이밍 스폰서십 추가 체결",http://www.thebigdata.co.kr/view.php?ud=202105211131408363d0a8833aad_23
244,[브리핑] 신한은행·우리은행·농협은행,http://4th.kr/View.aspx?No=1634244
245,"신한금융, 2030년까지 업무車 6만대 무공해차로 전면교체",https://news.mtn.co.kr/newscenter/news_viewer.mtn?gidx=2021052012552043086
246,"여자농구 하나원큐-신한은행, 2대2 트레이드 단행",http://www.newsis.com/view/?id=NISX20210517_0001443694&cID=10505&pID=10500
247,"은행, 암호화폐 거래소 송곳 검증 예고",http://www.newsis.com/view/?id=NISX20210521_0001448388&cID=10401&pID=10400
248,[5월 4주] 저축은행 정기예금(24개월) 최고 연 1.90%…지주계열 중 NH저축은행 가장 높아,http://www.fntimes.com/html/view.php?ud=202105231227533330ee0209bd21_18
249,"""1020 잡아라""…Z세대에 문턱 낮추는 은행들",https://www.hankyung.com/economy/article/2021051866351
250,[5월 4주] 저축은행 정기예금(24개월) 최고 연 1.90%…지주계열 중 NH저축은행 가장 높아,http://www.fntimes.com/html/view.php?ud=202105231227533330ee0209bd21_18
251,"신한은행, ‘선물환 거래확인서 비대면 서비스’ 출시",http://www.ddaily.co.kr/news/article.html?no=214371
252,"신한은행, 선물환 거래확인서 비대면 서비스 출시",http://www.safetimes.co.kr/news/articleView.html?idxno=95487
253,"""1020 잡아라""…Z세대에 문턱 낮추는 은행들",https://www.hankyung.com/economy/article/2021051866351
254,"조용병 신한금융 회장, '제로카본·퓨얼' 선언…전 업무용차 2030년까지 '무공해차' 전환",http://www.newsworks.co.kr/news/articleView.html?idxno=549552
255,"은행권 1분기 평균 급여 최고, 신한은행",http://news.heraldcorp.com/view.php?ud=20210518000577
256,"[뉴스투데이 E] 신한금융그룹, 스타트업 네트워킹 프로그램 ‘월간 Find:’ 개최",https://www.news2day.co.kr/article/20210521500118
257,"신한은행, '네이버 부동산'에 전세대출 배너 넣는다",http://yna.kr/AKR20210512169400002?did=1195m
258,코로나로 전국민 힘들때 은행장 지갑은 두둑,https://weekly.hankooki.com/lpage/economy/202105/wk20210521170938146410.htm?s_ref=nv
259,"신한은행, 네이버와 전세대출 연계…""5만 포인트 지급""",http://www.newsis.com/view/?id=NISX20210512_0001438335&cID=10401&pID=10400
260,"KB국민은행, 샌드박스 게이밍과 네이밍 스폰서십 추가 체결",http://www.finomy.com/news/articleView.html?idxno=93457
261,"신한은행, 특성화고·스타트업 인재매칭 위한 '신한 커리어온' 1기 모집",https://www.ebn.co.kr/news/view/1484092/?sc=Naver
262,"신한은행, 코로나19 이후 변화하는 상권분석 컨설팅",https://www.etoday.co.kr/news/view/2026147
263,"신한은행, ‘선물환 거래확인서 비대면 서비스’ 출시",http://www.datanews.co.kr/news/article.html?no=112768
264,"신한은행, '선물환 거래확인서 비대면 서비스' 출시",http://www.dailysmart.co.kr/news/articleView.html?idxno=44675
265,"코로나19 백신접종 증명 활용… 신한은행, 디지털 월렛 'SOL 지갑' 출시",http://www.joongboo.com/news/articleView.html?idxno=363486890
266,"신한은행, 특성화고 학생들 대상 '신한 커리어온(Career On)' 1기 모집",http://www.thefirstmedia.net/news/articleView.html?idxno=75760
267,[브리핑] 하나은행·신한은행·한투증권·신한금투,http://4th.kr/View.aspx?No=1637996
268,"좁아지는 은행 취업문, 문과생은 언제 뽑나?",https://magazine.hankyung.com/business/article/202105186388b
269,"신한은행, 빅데이터 활용해 상권분석 컨설팅",http://www.fnnews.com/news/202105151008332569
270,"KB국민은행, 샌드박스 게이밍과 네이밍 스폰서십 추가 체결",http://www.efnews.co.kr/news/articleView.html?idxno=90124
271,"신한은행, 기업고객에게 선물환 거래확인서 비대면 서비스",http://www.insnews.co.kr/design_php/news_view.php?num=65586&firstsec=1&secondsec=17
272,"신한은행, ‘선물환 거래확인서 비대면 서비스’ 출시",http://psnews.co.kr/View.aspx?No=1633347
273,특성화고-스타트업 매칭…신한은행 '커리어온' 1기 모집,http://www.smedaily.co.kr/news/articleView.html?idxno=203872
274,[브리핑] 하나은행·신한은행·한투증권·신한금투,http://4th.kr/View.aspx?No=1637996
275,"신한은행, 특성화고-스타트업 인재 매칭 위한 '신한 커리어온 1기' 모집",http://www.techholic.co.kr/news/articleView.html?idxno=198220
276,"좁아지는 은행 취업문, 문과생은 언제 뽑나?",https://magazine.hankyung.com/business/article/202105186388b
277,"신한은행, 빅데이터 활용해 상권분석 컨설팅",http://www.fnnews.com/news/202105151008332569
278,"신한은행, 자영업자 대상 빅데이터 상권분석 컨설팅 제공",https://view.asiae.co.kr/article/2021051414342998738
279,"신한은행, '쏠 지갑' 출시···코로나19 백신 접종증명도 가능",http://www.koreastocknews.com/news/articleView.html?idxno=63387
280,"신한은행, 특성화고-스타트업 인재 매칭 위한 '신한 커리어온 1기' 모집",http://www.techholic.co.kr/news/articleView.html?idxno=198220
281,"신한은행, 특성화고-스타트업 인재 매칭을 위한 신한 커리어온 1기 모집",http://www.datanews.co.kr/news/article.html?no=112789
282,"좁아지는 은행 취업문, 문과생은 언제 뽑나?",https://magazine.hankyung.com/business/article/202105186388b
283,"신한은행, 빅데이터 활용해 상권분석 컨설팅",http://www.fnnews.com/news/202105151008332569
284,"신한은행, 선물환 거래 확인서 비대면으로 제출 가능",http://www.efnews.co.kr/news/articleView.html?idxno=90073
285,"신한은행, 자영업자 대상 빅데이터 상권분석 컨설팅 제공",https://view.asiae.co.kr/article/2021051414342998738
286,"신한은행, '쏠 지갑' 출시···코로나19 백신 접종증명도 가능",http://www.koreastocknews.com/news/articleView.html?idxno=63387
287,"신한은행, '선물환 거래확인서 비대면 서비스' 출시",http://www.techholic.co.kr/news/articleView.html?idxno=198204
288,"신한금융, 2030년까지 업무용 차량 6만여대 전기·수소차로 바꾼다",https://www.ekn.kr/web/view.php?key=20210520010003918
289,"신한금융그룹 'S² Bridge : 서울', 스타트업 네트워킹 프로그램 '월간 Find:' 개최",http://www.thefirstmedia.net/news/articleView.html?idxno=75934
290,"신한은행, 선물환 거래확인서 비대면 서비스 출시",https://www.fetv.co.kr/news/article.html?no=85020
291,"신한은행, 특성화고·스타트업 인재 매칭 위한 '신한 커리어온' 1기 모집",http://psnews.co.kr/View.aspx?No=1634997
292,"신한금융, 2030년까지 업무용 차량 6만여대 전기·수소차로 바꾼다",https://www.ekn.kr/web/view.php?key=20210520010003918
293,"신한은행, '선물환 거래확인서 비대면 서비스' 출시",http://www.weeklytoday.com/news/articleView.html?idxno=366537
294,"신한금융그룹 'S² Bridge : 서울', 스타트업 네트워킹 프로그램 '월간 Find:' 개최",http://www.thefirstmedia.net/news/articleView.html?idxno=75934
295,"신한금융, 현대차 SK텔레콤 CJ 포함 대기업과 신생기업 교류행사 열어",https://www.businesspost.co.kr/BP?command=article_view&num=232531
296,"신한은행, 특성화고-스타트업 인재 매칭 위한 '신한 커리어온' 1기 모집",http://www.dailysmart.co.kr/news/articleView.html?idxno=44723
297,[부음]정상일 인천 신한은행 감독 부친상,http://sports.chosun.com/news/ntype.htm?id=202105220100162850010618&servicedate=20210521
298,"신한은행, ""코로나19 백신접종 증명, SOL지갑으로 한다""",http://www.mediasr.co.kr/news/articleView.html?idxno=69006
299,"""10대 고객 잡자""…Z세대 유치 전쟁, 문턱 낮추는 은행들",https://www.hankyung.com/economy/article/202105185157i
300,"신한은행, 청년 취업·창업 지원 프로그램 '신한 커리어온 1기' 모집",http://www.efnews.co.kr/news/articleView.html?idxno=90087
301,[부음]정상일 인천 신한은행 감독 부친상,http://sports.chosun.com/news/ntype.htm?id=202105220100162850010618&servicedate=20210521
302,"신한은행, 선물환 거래확인서 비대면 서비스 출시",http://www.wolyo.co.kr/news/articleView.html?idxno=118452
303,"신한은행, ""코로나19 백신접종 증명, SOL지갑으로 한다""",http://www.mediasr.co.kr/news/articleView.html?idxno=69006
304,"""10대 고객 잡자""…Z세대 유치 전쟁, 문턱 낮추는 은행들",https://www.hankyung.com/economy/article/202105185157i
305,"신한은행, 특성화고-스타트업 연계한 '커리어온' 1기 모집",https://zdnet.co.kr/view/?no=20210518133114
306,"신한은행, '선물환 거래확인서 비대면 서비스' 출시",http://www.pressm.kr/news/articleView.html?idxno=43621
307,"신한은행, 신한카드와 손잡고 서울 자영업자 상권분석 컨설팅",http://moneys.mt.co.kr/news/mwView.php?no=2021051414508022063
308,"신한퓨처스랩, 스타트업 투자유치 돕는 정기IR 열어",http://www.smedaily.co.kr/news/articleView.html?idxno=203875
309,“홈앤쇼핑·국민은행은 무죄인데”… 반년만에 재개된 신한 채용비리 재판,https://biz.chosun.com/topics/law_firm/2021/05/18/FE33WGWVTVEJDHC47MSPCXDWGI/?utm_source=naver&utm_medium=original&utm_campaign=biz
310,"신한은행, 선물환 거래확인서 비대면 서비스 출시",http://mbnmoney.mbn.co.kr/news/view?news_no=MM1004333347
311,"신한퓨처스랩, 스타트업 투자유치 돕는 정기IR 열어",http://www.smedaily.co.kr/news/articleView.html?idxno=203875
312,“홈앤쇼핑·국민은행은 무죄인데”… 반년만에 재개된 신한 채용비리 재판,https://biz.chosun.com/topics/law_firm/2021/05/18/FE33WGWVTVEJDHC47MSPCXDWGI/?utm_source=naver&utm_medium=original&utm_campaign=biz
313,"신한은행, 특성화고-스타트업 인재 매칭 위한 '신한 커리어온' 1기 모집",http://kpenews.com/View.aspx?No=1634909
314,"신한은행, “네이버페이에서 전세대출 받으면 5만 포인트 드려요” ",http://www.bloter.net/newsView/blt202105120017
315,커스터디 사업 놓고 속앓이하는 은행,http://www.etnews.com/20210518000145
316,"신한금융 ""2030년까지 업무차 6만여대 전기·수소차로 전환""",http://www.gokorea.kr/news/articleView.html?idxno=706272
317,"은행권, 백신경제 동참…백신휴가 '스타트'",https://www.ebn.co.kr/news/view/1484543/?sc=Naver
318,"증권사, 은행과 분기 순이익 대등해져…증시 호황 영향",https://view.asiae.co.kr/article/2021052312152632039
319,"은행권, 채용 봇물…디지털·지역특화 맞춤형 선발 치중",https://daily.hankooki.com/lpage/finance/202105/dh20210520164230148320.htm?s_ref=nv
320,"신한은행, ‘SOL 지갑’출시…백신 접종 증명 서비스도",https://www.inthenews.co.kr/news/article.html?no=34568
321,신한은행 쏠퀴즈·더 겜성퀴즈·신한 페이판 OX 퀴즈 5월21일 정답은?,http://www.newsworks.co.kr/news/articleView.html?idxno=549580
322,"신한은행, 강원도민 비대면 보조금 신청 지원",http://www.fnnews.com/news/202105131502025146
323,"신한은행, 신한카드와 서울 빅데이터 상권분석 컨설팅",https://www.dailian.co.kr/news/view/991601/?sc=Naver
324,"신한금융그룹, 'Zero Carbon·Zero Fuel' 선언",http://www.businesskorea.co.kr/news/articleView.html?idxno=67562
325,"은행, 가상자산거래소 자체 평가시스템 만든다",http://www.fnnews.com/news/202105201831066244
326,"신한은행, 신한 커리어온 1기 모집",http://www.lawissue.co.kr/view.php?ud=202105181429468156204ead0791_12
327,"조용병 신한금융 회장, '제로카본·제로퓨얼' 선언 ""2030년까지 업무용 차량 무공해차 전환""",http://www.startuptoday.co.kr/news/articleView.html?idxno=76567
328,"신한 스퀘어브릿지 서울, 스타트업 네트워킹 프로그램 ‘월간 Find:’ 개최",http://www.megaeconomy.co.kr/news/newsview.php?ncode=1065578703684584
329,'네이버 부동산'에서 신한은행 전세대출 받는다,https://www.hankyung.com/economy/article/2021051263711
330,'네이버 부동산'에서 신한은행 전세대출 받는다,https://www.hankyung.com/economy/article/2021051263711
331,"신한은행, 'SOL 지갑' 출시, 코로나19 백신접종 증명 기능 제공",http://www.ekoreanews.co.kr/news/articleView.html?idxno=50784
332,"샌드박스 게이밍, 'LoL' 이어 '카트라이더' 팀에서도 KB국민은행과 스폰서십 체결",http://gamefocus.co.kr/detail.php?number=117612
333,"신한금융 ""10년내 업무용 차량 6만대 무공해차로""",http://www.newstomato.com/ReadNews.aspx?no=1045657&inflow=N
334,"인도發 코로나 충격에 시중은행 긴장... ""현지 직원 보호에 만전""",http://www.meconomynews.com/news/articleView.html?idxno=53654
335,"신한은행, ‘선물환 거래확인서 비대면 서비스’ 출시",http://www.thebigdata.co.kr/view.php?ud=202105171409218118d0a8833aad_23
336,'코인 환치기' 우려에 국민은행도 외국인 비대면 해외송금 제한,http://www.newsis.com/view/?id=NISX20210518_0001445411&cID=10401&pID=10400
337,"신한금융, 스타트업 네트워킹 프로그램 개최…인사이트 공유·교류 확대",http://www.cstimes.com/news/articleView.html?idxno=461614
338,"[뉴스투데이 E] 신한은행, ‘선물환 거래확인서 비대면 서비스’ 출시",https://www.news2day.co.kr/article/20210517500051
339,"신한은행, 디지털 월렛 ‘SOL 지갑’...전자문서, 모바일 신분증도 이용 가능",http://thepublic.kr/news/newsview.php?ncode=1065595222763348
340,"[뉴스투데이 E] 신한은행, ‘선물환 거래확인서 비대면 서비스’ 출시",https://www.news2day.co.kr/article/20210517500051
341,"신한은행, 디지털 월렛 ‘SOL 지갑’...전자문서, 모바일 신분증도 이용 가능",http://thepublic.kr/news/newsview.php?ncode=1065595222763348
342,"신한은행, 네이버페이 전세대출 이벤트",https://www.sedaily.com/NewsView/22MBYQWU8N
343,"신한은행, 서울 자영업자 '상권분석 컨설팅' 제공",http://www.newsis.com/view/?id=NISX20210514_0001441980&cID=10401&pID=10400
344,신한은행 코로나19 백신접종 증명도 'SOL지갑'으로,http://www.businesskorea.co.kr/news/articleView.html?idxno=67547
345,"""특성화고 학생 인턴십 지원"" 신한은행, 신한커리어온 1기 모집",https://www.fetv.co.kr/news/article.html?no=85173
346,현금 없는 사회…은행권 '디지털 지갑' 띄운다,https://www.ebn.co.kr/news/view/1484518/?sc=Naver
347,"신한은행, ‘선물환 거래확인서 비대면 서비스’ 출시",http://kpenews.com/View.aspx?No=1633252
348,"신한은행, 특성화고·스타트업 인재 매칭 ‘커리어온 1기’ 모집",http://thepublic.kr/news/newsview.php?ncode=1065592912913262
349,"신한은행, 모바일앱에 코로나19 백신접종 증명하는 서비스 내놔",https://www.businesspost.co.kr/BP?command=article_view&num=232413
350,"신한은행, 특성화고·스타트업 인재 매칭 ‘커리어온 1기’ 모집",http://thepublic.kr/news/newsview.php?ncode=1065592912913262
351,"신한은행, 모바일앱에 코로나19 백신접종 증명하는 서비스 내놔",https://www.businesspost.co.kr/BP?command=article_view&num=232413
352,"신한은행, 특성화고 학생 지원하는 '신한커리어온' 1기 모집",http://www.pinpointnews.co.kr/view.php?ud=2021051810384035209f27410725_45
353,"신한은행, 수출입 기업고객 대상 '선물환 거래확인서 비대면 서비스' 출시",http://www.thefirstmedia.net/news/articleView.html?idxno=75682
354,"신한금융그룹, 제로카본·제로퓨얼 선언",http://it.chosun.com/site/data/html_dir/2021/05/20/2021052001400.html
355,"신한은행, '선물환 거래확인서 비대면 서비스' 출시",http://www.newsquest.co.kr/news/articleView.html?idxno=84561
356,신한은행 “코로나19 백신접종 증명도 ‘SOL지갑’으로 활용하세요”,http://www.nspna.com/news/?mode=view&newsid=503008
357,"은행권, 공채 줄이고 '디지털전환 맞춤형' 채용 방점...디지털 인재상은?",http://www.updownnews.co.kr/news/articleView.html?idxno=231741
358,"신한은행-신한카드, 서울시 자영업자 대상 빅데이터 상권분석 컨설팅",http://www.inews24.com/view/1367343
359,[금융 단신] 신한금융·IBK기업은행·하나은행·농협은행,http://www.dailypop.kr/news/articleView.html?idxno=51224
360,"은행권, 공채 줄이고 '디지털전환 맞춤형' 채용 방점...디지털 인재상은?",http://www.updownnews.co.kr/news/articleView.html?idxno=231741
361,"신한은행-신한카드, 서울시 자영업자 대상 빅데이터 상권분석 컨설팅",http://www.inews24.com/view/1367343
362,[금융 단신] 신한금융·IBK기업은행·하나은행·농협은행,http://www.dailypop.kr/news/articleView.html?idxno=51224
363,"KB·하나·우리 ""가상화폐 거래소와 계약 No""...신한·농협 ""보완요구""",http://www.slist.kr/news/articleView.html?idxno=253338
364,은행권 중기·소상공인 컨설팅 열풍…왜?(종합),https://view.asiae.co.kr/article/2021051814141436061
365,“은행도 네이버와 맞손”… 신한 '부동산' 우리 '스마트스토어' 대출 확장,http://moneys.mt.co.kr/news/mwView.php?no=2021051216248015132
366,"[뉴스투데이 E] 신한은행, 특성화고-스타트업 인재 매칭을 위한 ‘신한 커리어온 1기’ 모집",https://www.news2day.co.kr/article/20210518500060
367,"스폰서도 '더드림', KB국민은행-샌드박스 카트라이더팀 네이밍 스폰서 체결",https://www.mhnse.com/news/articleView.html?idxno=75677
368,"신한은행, 네이버와 전세대출 맞손…신규 고객에 네이버 포인트 지급",https://www.news1.kr/articles/?4304290
369,"신한금융, 스타트업 네트워킹 프로그램 개최",http://www.newscj.com/news/articleView.html?idxno=862209
370,"신한銀, ""코로나19 백신접종 증명도 'SOL지갑'으로 확인""",http://www.koreaittimes.com/news/articleView.html?idxno=105944
371,"‘디지털 강화’ 외친 시중은행, 잇단 접속장애에 ‘머쓱’",http://www.kukinews.com/newsView/kuk202105210148
372,"수소융합얼라이언스-신한은행, 금융지원으로 수소산업 확대 협력",http://www.etnews.com/20210510000231
373,[종이의 종말 ① 신한은행] 나無통장으로 나무 살린다,http://weekly.cnbnews.com/news/article.html?no=138786
374,"신한은행, 특성화고-스타트업 인재 매칭 위한 '신한 커리어온' 1기 모집",http://www.datasom.co.kr/news/articleView.html?idxno=114424
375,[부고] 정상일(신한은행 농구단 감독)씨 부친상,http://star.mt.co.kr/stview.php?no=2021052110212318669
376,"KB국민은행, 샌드박스 게이밍과 네이밍 스폰서십 추가 체결",http://www.worktoday.co.kr/news/articleView.html?idxno=15648
377,"'신한은행' ""선물환 거래확인서 비대면 서비스"" 출시한다",http://www.thereport.co.kr/news/articleView.html?idxno=12209
378,"'또 바뀐 유니폼' 김이슬 하나원큐, 강계리 신한은행으로",https://www.nocutnews.co.kr/news/5554228
379,"신한은행, 디지털 월렛 ‘SOL지갑’ 출시",http://it.chosun.com/site/data/html_dir/2021/05/20/2021052001423.html
380,"신한금융, 'S² Bridge : 서울'서 스타트업 네트워킹 프로그램 ‘월간 Find:’ 개최",http://www.pinpointnews.co.kr/view.php?ud=2021052110330174339f27410725_45
381,"은행권, 공채 대신 디지털·지역인재 맞춤형 선발",http://www.cstimes.com/news/articleView.html?idxno=461590
382,"신한은행, 서울시 자영업자 대상 빅데이터 상권분석 컨설팅",http://www.joseilbo.com/news/news_read.php?uid=423722&class=51&grp=
383,[DT현장] 퇴직연금 전쟁과 은행의 침묵,http://www.dt.co.kr/contents.html?article_no=2021051802102269065001&ref=naver
384,"신한은행, ‘선물환 거래확인서 비대면 서비스’ 출시",http://www.megaeconomy.co.kr/news/newsview.php?ncode=1065586762234055
385,[분석] '승승장구' 대형 저축은행…중금리 '틈새시장' 강자로,http://www.inews24.com/view/1369097
386,[부고] 정상일 여자프로농구 신한은행 감독 부친상,http://www.sportsseoul.com/news/read/1043156?ref=naver
387,"신한은행, ‘해외주식 선물하기’ 출시",https://biz.chosun.com/stock/finance/2021/05/10/UB25FG3Z3RDDHB3TZ2RXDERCME/?utm_source=naver&utm_medium=original&utm_campaign=biz
388,"신한금융그룹, '2030년까지 업무용 차량 100% 친환경으로 교체'",http://www.mediasr.co.kr/news/articleView.html?idxno=69019
389,`전자금융거래 검증 미흡` 신한銀·한투증권 과태료,http://www.dt.co.kr/contents.html?article_no=2021052002100863048003&ref=naver
390,"신한은행, ‘선물환 거래확인서 비대면 서비스’ 출시",http://www.lawissue.co.kr/view.php?ud=202105171346027582204ead0791_12
391,`전자금융거래 검증 미흡` 신한銀·한투증권 과태료,http://www.dt.co.kr/contents.html?article_no=2021052002100863048003&ref=naver
392,"""인재를 찾습니다""···신한은행, 신한 커리어온 1기 모집",http://www.globale.co.kr/news/articleView.html?idxno=12833
393,"신한금융, 2023년까지 업무용차 6만여대 무공해차로 교체",http://www.segyebiz.com/newsView/20210520517532?OutUrl=naver
394,서현주 제주은행장 “여성 리더의 지원군 되겠다”,https://www.etoday.co.kr/news/view/2027988
395,"신한금융그룹 , 스타트업 프로그램 개최해 , 취업 연계 양질 프로그램 지원",http://www.cbci.co.kr/news/articleView.html?idxno=415632
396,"[금융사 성과급 잔치 ③은행] 은행권 1분기 평균 급여 최고, 신한은행",http://news.heraldcorp.com/view.php?ud=20210518000187
397,"충북대학교, 신한은행 발전기금 기탁식 열어",http://www.lecturernews.com/news/articleView.html?idxno=67615
398,"신한은행, 강원도와 통합 서비스 플랫폼 구축 업무협약 체결",https://daily.hankooki.com/lpage/finance/202105/dh20210513110251148320.htm?s_ref=nv
399,한투증권·신한은행 '전자금융거래법 위반' 과태료,http://4th.kr/View.aspx?No=1637627
400,"신한은행, 네이버페이 연계 전세대출 이벤트 시행",https://daily.hankooki.com/lpage/finance/202105/dh20210512104324148320.htm?s_ref=nv
401,"은행권, 상반기 채용문 꽁꽁…전문인력만 뽑는다",http://www.newsis.com/view/?id=NISX20210518_0001444963&cID=10401&pID=10400
402,"신한은행, '선물환 거래확인서 비대면 서비스' 출시",http://www.kbiznews.co.kr/news/articleView.html?idxno=81736
403,"신한은행, 선물환 거래확인서 비대면 제출 서비스 시작",http://www.newsfreezone.co.kr/news/articleView.html?idxno=316111
404,"시중은행, '이러다 캐피탈사 될라'",https://www.paxnetnews.com/articles/74226
405,"신한금융, 제로 카본 이어 제로 퓨얼 선언",http://www.kpinews.co.kr/news/articleView.html?idxno=147333
406,"""전세대출 연내 200조""…은행권, 속도조절 위해 문턱 높여",http://www.edaily.co.kr/news/newspath.asp?newsid=02023766629050560
407,"신한금융 ""2030년까지 업무용 차량 6만대 무공해차 전환""",http://www.lcnews.co.kr/news/articleView.html?idxno=18162
408,“Z세대 고객 잡아라” 은행들 1020세대 타깃 마케팅 눈길,https://news.imaeil.com/Economy/2021051916435106174
409,"주요 은행·보험·카드사, 코로나 위기 속에도 웃었다",http://www.segye.com/content/html/2021/05/19/20210519508942.html?OutUrl=naver
410,"은행권, 상반기 채용문 꽁꽁…전문인력만 뽑는다(종합)",http://www.newsis.com/view/?id=NISX20210518_0001445046&cID=10401&pID=10400
411,"신한은행, 서울시 자영업자 대상 상권분석 컨설팅",http://www.fntimes.com/html/view.php?ud=202105141700123445f09e13944d_18
412,"신한은행-하나원큐, 김이슬 강계리 포함 2대2 트레이드",http://www.xportsnews.com/?ac=article_view&entry_id=1425050
413,"은행권, 공채 사라지고 수시채용 일반화되나",http://www.mediapen.com/news/view/629624
414,"신한은행, 신한 커리어온 1기 모집",http://www.pressm.kr/news/articleView.html?idxno=43662
415,"신한銀, '선물환 거래확인서 비대면 서비스' 출시",http://www.newscape.co.kr/news/view.php?idx=61861
416,"코로나 대확산 인도…은행권, 직원 관리 '비상'",http://www.newsis.com/view/?id=NISX20210514_0001441930&cID=10401&pID=10400
417,"신한은행, '수소 기업' 키운다",http://news.heraldcorp.com/view.php?ud=20210516000034
418,"샌드박스 게이밍, ‘2021 신한은행 카트 리그 시즌1' 우승컵 차지",https://game.donga.com/99406/
419,"신한은행, 네이버페이와 전세대출 개시",http://www.newspim.com/news/view/20210512000789
420,"신한은행, 네이버페이와 전세대출 개시",http://www.newspim.com/news/view/20210512000789
421,"신한은행·메리츠증권 등 금융권, 물류센터 투자 군침",http://www.kukinews.com/newsView/kuk202105180228
422,[1분기 금융 리그테이블] 4대 은행 수익성 1위 우리은행…ROE 10% 넘겨,http://www.fntimes.com/html/view.php?ud=2021050416161843349249a1ae63_18
423,"신한은행-신한카드, 자영업자 상권분석 컨설팅 제공",http://www.cstimes.com/news/articleView.html?idxno=460894
424,"신한은행 정상일 감독 ""서로 이해 관계가 잘 맞은 트레이드""",http://www.rookie.co.kr/news/articleView.html?idxno=61563
425,"은행권, 채용 트렌드 변화 ""필요한 인재가 달라졌다""",https://www.asiatime.co.kr/article/20210520500252
426,"신한은행, 강원도와 통합 서비스 플랫폼 구축 업무협약 체결",https://www.dailian.co.kr/news/view/990932/?sc=Naver
427,"신한은행, '선물환 거래확인서' 비대면 서비스…수출입 기업고객 편의성 ↑",http://www.startuptoday.co.kr/news/articleView.html?idxno=76370
428,신한스퀘어브릿지 오픈이노베이션 어떻길래···대기업도 줄섰다,http://news.mt.co.kr/mtview.php?no=2021051714044729277
429,"신한은행, 수소융합얼라이언스와 맞손…“그린뉴딜 성공 앞장”",https://www.news1.kr/articles/?4301995
430,"“거래확인서도 비대면으로” 신한은행, ‘선물환 거래확인서 비대면 서비스’ 공개",http://theviewers.co.kr/View.aspx?No=1634141
431,신한스퀘어브릿지 오픈이노베이션 어떻길래···대기업도 줄섰다,http://news.mt.co.kr/mtview.php?no=2021051714044729277
432,신한은행 김이슬·김하나↔하나원큐 강계리·장은혜 2:2 트레이드 단행,http://star.mt.co.kr/stview.php?no=2021051710142118876
433,"신한은행, 수소융합얼라이언스와 맞손…“그린뉴딜 성공 앞장”",https://www.news1.kr/articles/?4301995
434,국민은행·신한은행 등 주요 시중은행 전문직 수시채용 추세,https://www.news2day.co.kr/article/20210520500029
435,"은행권, 해외 송금 제한·직원 단속 등 가상자산 투자 주의령",http://news.tf.co.kr/read/economy/1862218.htm
436,국민·우리·하나은행 “암호화폐 거래소와 거래 계획X…위험 커”,http://www.hani.co.kr/arti/economy/finance/996260.html
437,조용병식 금융플랫폼 실험…신한은행 '카드추천서비스',http://www.newstomato.com/ReadNews.aspx?no=1045240&inflow=N
438,주식시장 활황에 증권사 분기순익 은행과 대등해져,http://www.ajunews.com/view/20210523145540915
439,네이버에서 전세매물 찾고 신한銀 대출까지 한번에,http://news.mt.co.kr/mtview.php?no=2021051216202923781
440,"은행권, 공채 대신 디지털·지역인재 채용",http://www.cstimes.com/news/articleView.html?idxno=461352
441,네이버에서 전세매물 찾고 신한銀 대출까지 한번에,http://news.mt.co.kr/mtview.php?no=2021051216202923781
442,은행권 펀드판매 개선세…시장 확대는 미지수,http://news.einfomax.co.kr/news/articleView.html?idxno=4148594
443,"신한은행, '쏠 지갑' 출시…백신접종 증명 가능",http://www.kpinews.co.kr/news/articleView.html?idxno=147334
444,"""2030년까지 업무차량 무공해차로 전환""...신한금융 '제로카본·제로퓨얼' 선언",http://www.youthdaily.co.kr/news/article.html?no=71653
445,"신한은행, 신한카드 빅데이터 활용해 자영업자에게 상권분석 컨설팅",https://www.businesspost.co.kr/BP?command=article_view&num=231622
446,"신한은행, 특성화고-스타트업 연계 '커리어온 1기' 모집",http://www.seoulfn.com/news/articleView.html?idxno=420000
447,전자금융 검증미흡·망분리 위반·클라우드 절차위반…신한銀·한투증권 등 무더기 제재,http://www.dt.co.kr/contents.html?article_no=2021051902109963048003&ref=naver
448,5대 은행 '지자체 금고지기' 출혈 경쟁,http://news.mk.co.kr/newsRead.php?no=483525&year=2021
449,충북대 신한은행 발전기금 기탁식 열어,http://www.veritas-a.com/news/articleView.html?idxno=368163
450,충북대 신한은행 발전기금 기탁식 열어,http://www.veritas-a.com/news/articleView.html?idxno=368163
451,"“애플·구글 주식, 모바일로 선물하세요”…신한은행, ‘해외주식 선물하기’ 출시",http://www.bloter.net/newsView/blt202105100010
452,"샌드박스게이밍, KB은행과 스폰서십 추가 체결",http://www.tgdaily.co.kr/news/articleView.html?idxno=308975
453,"신한은행, 강원도민 플랫폼 '나야나' 구축 추진",https://www.ebn.co.kr/news/view/1483530/?sc=Naver
454,"기업고객, 은행 갈 일이 줄었다…신한은행 '선물환 거래확인서' 비대면 처리",https://www.ngetnews.com/news/articleView.html?idxno=400417
455,"신한은행, 특성화고-스타트업 인재 매칭…커리어온 1기 모집",http://www.startuptoday.co.kr/news/articleView.html?idxno=76498
456,"신한은행, 특성화고·스타트업 '찰떡궁합' 인재매칭…'신한 커리어온' 모집",http://www.womentimes.co.kr/news/articleView.html?idxno=52631
457,[1분기 금융 리그테이블] 4대 은행 영업력 국민은행 1위…우리은행 성장세 ‘뚜렷’,http://www.fntimes.com/html/view.php?ud=202105050218064739249a1ae63_18
458,"[오늘Who] 신한저축은행 중금리대출 확대, 이희수 신한금융 업어",https://www.businesspost.co.kr/BP?command=article_view&num=231873
459,"신한은행, 특성화고 위한 신한 커리어온 1기 모집",http://www.businesskorea.co.kr/news/articleView.html?idxno=67370
460,"신한은행 ""모바일 앱 쏠로 해외주식 선물하세요""",http://www.fnnews.com/news/202105101048028367
461,"신한은행, 특성화고 위한 신한 커리어온 1기 모집",http://www.businesskorea.co.kr/news/articleView.html?idxno=67370
462,"신한은행, 네이버페이 연계 전세대출 이벤트 시행",http://www.joseilbo.com/news/news_read.php?uid=423485&class=51&grp=
463,"""코인 환치기 막자"" 국민은행도 외국인 비대면 해외송금 제한",https://www.etoday.co.kr/news/view/2027292
464,"""신한은행 전세대출 받고 네이버페이 포인트 받자""",http://www.dt.co.kr/contents.html?article_no=2021051202109963077008&ref=naver
465,"H2KOREA, 수소산업 확대 위해 신한은행과 맞손",https://view.asiae.co.kr/article/2021051016344277007
466,"신한은행, 빅데이터 상권분석 컨설팅 실시",http://www.pressm.kr/news/articleView.html?idxno=43583
467,"은행권, 외국인 해외송금 제한 강화",http://www.mediapen.com/news/view/629905
468,"신한은행, '라임펀드 배상하겠다' 했으나…고객수용 '안갯속'",http://www.inews24.com/view/1367828
469,디지털 사업 옥석가리기 나선 은행… 핀테크와 진검승부,http://www.fnnews.com/news/202105201831072617
470,디지털 사업 옥석가리기 나선 은행… 핀테크와 진검승부,http://www.fnnews.com/news/202105201831072617
471,"신한은행, '선물환 거래확인서 비대면 서비스' 출시",http://www.ekoreanews.co.kr/news/articleView.html?idxno=50695
472,"신한은행, ‘해외주식 선물하기’ 출시",https://daily.hankooki.com/lpage/finance/202105/dh20210510133239148320.htm?s_ref=nv
473,"신한은행, 서울시 자영업자 빅데이터 상권분석 돕는다",http://www.smedaily.co.kr/news/articleView.html?idxno=203706
474,[부음]정상일(여자프로농구 신한은행 감독)씨 부친상,http://www.etnews.com/20210521000023
475,"신한은행 ""전세대출 받으면 네이버페이 포인트 드려요""",http://www.dt.co.kr/contents.html?article_no=2021051302100863077002&ref=naver
476,"수소융합얼라이언스, 신한은행과 ""수소산업 확대 협력한다""",https://www.nocutnews.co.kr/news/5550271
477,"신한은행, 네이버페이 전세대출 이벤트",http://www.mediapen.com/news/view/627315
478,"신한은행, 강원도와 통합서비스 플랫폼 구축 MOU 체결",http://www.newsprime.co.kr/news/article.html?no=543729
479,"[금융 단신] 우리은행, IBK기업은행, 신한은행",http://www.newspost.kr/news/articleView.html?idxno=93208
480,"신한은행 쏠, `해외주식 선물하기` 출시",http://www.dt.co.kr/contents.html?article_no=2021051002109963077005&ref=naver
481,"신한은행, 네이버페이 전세대출 이벤트",http://www.mediapen.com/news/view/627315
482,"신한은행, 강원도와 통합서비스 플랫폼 구축 MOU 체결",http://www.newsprime.co.kr/news/article.html?no=543729
483,"[금융 단신] 우리은행, IBK기업은행, 신한은행",http://www.newspost.kr/news/articleView.html?idxno=93208
484,"신한은행 ""전세대출 받고 네이버페이 포인트 받자""",https://www.dailian.co.kr/news/view/990595/?sc=Naver
485,"신한은행, 신한카드와 서울시 자영업자 빅데이터 상권분석 컨설팅",http://www.wikileaks-kr.org/news/articleView.html?idxno=108102
486,"신한銀, 특성화고·스타트업 인재매칭 '커리어온' 모집",http://news.einfomax.co.kr/news/articleView.html?idxno=4148060
487,"은행권, 보이스피싱 피해 방지 총력",http://www.segyebiz.com/newsView/20210520510015?OutUrl=naver
488,"‘김이슬 친정 복귀’ 신한은행-하나원큐, 2대2 트레이드 단행 [오피셜]",http://www.mydaily.co.kr/new_yk/html/read.php?newsid=202105171038832522&ext=na&utm_campaign=naver_news&utm_source=naver&utm_medium=related_news
489,"신한은행, '선물환 거래확인서 비대면 서비스' 출시",http://www.mediasr.co.kr/news/articleView.html?idxno=68929
490,"신한은행, 신한카드와 서울 자영업자 대상 컨설팅 실시",http://www.newsworks.co.kr/news/articleView.html?idxno=548576
491,"신한은행, 네이버페이 연계 전세대출 이벤트",http://www.shinailbo.co.kr/news/articleView.html?idxno=1410312
492,"‘김이슬 친정 복귀’ 신한은행-하나원큐, 2대2 트레이드 단행 [오피셜]",http://www.mydaily.co.kr/new_yk/html/read.php?newsid=202105171038832522&ext=na&utm_campaign=naver_news&utm_source=naver&utm_medium=related_news
493,"신한은행, '선물환 거래확인서 비대면 서비스' 출시",http://www.mediasr.co.kr/news/articleView.html?idxno=68929
494,"신한은행, 코로나19 백신접종 증명 'SOL지갑' 활용하세요",http://www.wsobi.com/news/articleView.html?idxno=122330
495,"통계청, 신한은행과 금융데이터 활용 및 공동연구 협력 MOU",http://yna.kr/AKR20210507072900002?did=1195m
496,"‘카뱅미니’에 자극받았나...은행, Z세대 유치 불꽃 전쟁",http://theviewers.co.kr/View.aspx?No=1638448
497,"신한銀, 강원도민 대상 비대면 보조금 신청 서비스",http://www.fnnews.com/news/202105131821229920
498,"신한은행, 네이버페이 통해 전세대출 받으면 포인트 5만원 증정",http://www.inews24.com/view/1366334
499,네이버와 협업 나선 은행들…빅테크와의 상생 본격화되나,http://www.betanews.net:8080/article/1265608.html
500,네이버와 협업 나선 은행들…빅테크와의 상생 본격화되나,http://www.betanews.net:8080/article/1265608.html
501,"신한은행-신한카드, 서울지 자영업자에게 빅데이터 상권분석 컨설팅 실시",http://psnews.co.kr/View.aspx?No=1632054
502,"""생활밀착형 서비스를 한번에""...신한銀, 디지털 월렛 'SOL지갑' 출시",http://www.youthdaily.co.kr/news/article.html?no=71648
503,"""코로나19 백신접종 증명 가능""…신한은행, 'SOL지갑' 출시",https://www.asiatoday.co.kr/view.php?key=20210520010010587
504,공채 대신 디지털·지역인재 맞춤형 선발…달라진 은행권 채용,http://www.fntoday.co.kr/news/articleView.html?idxno=256522
505,[부고] 정상일(여자프로농구 신한은행 감독)씨 부친상,http://www.sportsworldi.com/newsView/20210521507727
506,"[금융 이모저모] 신한금융지주, ""2030년까지 업무용 차량 모두 무공해차로 바꿀 것""",http://www.greened.kr/news/articleView.html?idxno=289721
507,"신한은행, '해외주식 선물하기' 출시",https://www.wikitree.co.kr/articles/647219
508,"인사이트 공유·교류 확대...신한금융, 스타트업 네트워킹 프로그램 개최",http://www.youthdaily.co.kr/news/article.html?no=71735
509,"신한은행, 수소융합얼라이언스와 그린뉴딜 업무협약",http://moneys.mt.co.kr/news/mwView.php?no=2021051016598027400
510,"신한은행, '해외주식 선물하기' 출시",https://www.wikitree.co.kr/articles/647219
511,"신한은행, 신한카드와 서울시 자영업자 대상 빅데이터 상권분석 컨설팅 실시",http://www.newsbrite.net/news/articleView.html?idxno=150142
512,"인사이트 공유·교류 확대...신한금융, 스타트업 네트워킹 프로그램 개최",http://www.youthdaily.co.kr/news/article.html?no=71735
513,"신한은행, 수소융합얼라이언스와 그린뉴딜 업무협약",http://moneys.mt.co.kr/news/mwView.php?no=2021051016598027400
514,신한은행도 배달앱 시장 뛰어들었다… 140억 투자,https://biz.chosun.com/stock/finance/2021/05/10/VOIPZXIODRFQ5KSADQLYCXIGXU/?utm_source=naver&utm_medium=original&utm_campaign=biz
515,"신한은행, 강원도와 통합 생활금융 플랫폼 ‘나야나’ 구축",https://biz.chosun.com/stock/finance/2021/05/13/PXAMNFTQFZDYJCUK32GCEYKBU4/?utm_source=naver&utm_medium=original&utm_campaign=biz
516,"신한은행, 전세 대출 신청시 5만 네이버포인트 제공",http://www.newsway.co.kr/news/view?tp=1&ud=2021051214221211445
517,"신한금융, 'Zero Carbon·Zero Fuel' 선언…ESG 경영 박차",https://www.asiatoday.co.kr/view.php?key=20210520010010434
518,"신한은행, '선물환 거래확인서 비대면 서비스' 출시",http://www.businesskorea.co.kr/news/articleView.html?idxno=67237
519,"통계청·신한은행, 데이터 활용과 공동연구 위한 상호협력",http://www.newsis.com/view/?id=NISX20210507_0001433155&cID=10401&pID=10400
520,"신한은행, '선물환 거래확인서 비대면 서비스' 출시",http://www.businesskorea.co.kr/news/articleView.html?idxno=67237
521,"통계청·신한은행, 데이터 활용과 공동연구 위한 상호협력",http://www.newsis.com/view/?id=NISX20210507_0001433155&cID=10401&pID=10400
522,"신한은행-수소융합얼라이언스, 그린뉴딜 업무협약 체결",https://daily.hankooki.com/lpage/finance/202105/dh20210510171457148320.htm?s_ref=nv
523,은행과 스타트업 만남…지원사격부터 인적교류까지 전방위 협력,http://www.ajunews.com/view/20210518160742578
524,"은행권, 하반기 공채 미지수…대신 전문인력 수시채용 나서",http://www.opinionnews.co.kr/news/articleView.html?idxno=50162
525,"신한은행, '해외주식 선물하기' 출시",http://www.newspim.com/news/view/20210510000674
526,신한은행 쏠퀴즈·더 겜성퀴즈·신한 페이판 OX 퀴즈 5월20일 정답은?,http://www.newsworks.co.kr/news/articleView.html?idxno=549324
527,빚 많아 은행 평가받는 기업집단 32곳…HMM·HDC 등 신규편입,http://news.mt.co.kr/mtview.php?no=2021052010535083234
528,[이벤트] 신한은행 '네이버페이 연계 전세대출',http://www.seoulfn.com/news/articleView.html?idxno=419368
529,"KB국민은행, 샌드박스 게이밍과 네이밍 스폰서십 추가 체결",http://www.businesskorea.co.kr/news/articleView.html?idxno=67642
530,"KB국민은행, 샌드박스 게이밍과 네이밍 스폰서십 추가 체결",http://www.businesskorea.co.kr/news/articleView.html?idxno=67642
531,"신한은행, 서울시 자영업자 대상 빅데이터 상권분석 컨설팅 실시",http://www.efnews.co.kr/news/articleView.html?idxno=90055
532,"신한은행·강원도, 통합 서비스 플랫폼 구축 위한 업무협약",http://psnews.co.kr/View.aspx?No=1630020
533,"신한금융, 2030년까지 업무용차량 전기·수소차로 전환",http://www.metroseoul.co.kr/article/20210520500221
534,"신한은행·신한카드, 자영업자 빅데이터 상권분석 컨설팅",http://www.meconomynews.com/news/articleView.html?idxno=53496
535,"신한은행-강원도, 통합 서비스 플랫폼 구축 업무협약",http://www.cstimes.com/news/articleView.html?idxno=460764
536,"네이버, 어제의 '적'이었던 은행이 동반자로…'합종연횡' 확대",https://www.news1.kr/articles/?4312912
537,"통계청, 신한은행과 '금융데이터 활용' 업무계약 체결",https://www.news1.kr/articles/?4299258
538,"""디지털 올인"" 외치는 은행들…점포 찔끔 늘린다",http://news.mt.co.kr/mtview.php?no=2021051913364787924
539,"넥슨, '2021 신한은행 Hey Young 리그 시즌1'",http://www.pressm.kr/news/articleView.html?idxno=43637
540,"신한은행, 강원도와 통합 서비스 플랫폼 구축 위한 업무협약",http://www.wikileaks-kr.org/news/articleView.html?idxno=108016
541,"""디지털 올인"" 외치는 은행들…점포 찔끔 늘린다",http://news.mt.co.kr/mtview.php?no=2021051913364787924
542,"넥슨, '2021 신한은행 Hey Young 리그 시즌1'",http://www.pressm.kr/news/articleView.html?idxno=43637
543,“어디서 본 듯한 서비스인데”… 은행 앱에서 보험청구·음식배달까지,http://moneys.mt.co.kr/news/mwView.php?no=2021051816218056430
544,"신한은행, 수소융합얼라이언스와 업무협약 체결",https://www.dailian.co.kr/news/view/989819/?sc=Naver
545,"네이버페이 연계, 신한은행 '전세대출 이벤트'",http://www.discoverynews.kr/402339
546,"김용선 특허청 차장, 진옥동 신한은행장 면담",http://yna.kr/PYH20210512221400013?did=1196m
547,"신한은행, 신한카드와 서울시 자영업자 대상 빅데이터 상권분석 컨설팅 실시",http://www.paxetv.com/news/articleView.html?idxno=117181
548,은행 앱에서 음식·꽃 배달…생활형 연계 서비스로 '진화중',https://www.news1.kr/articles/?4307339
549,신한은행 김이슬ㆍ김하나↔하나원큐 강계리ㆍ장은혜 2:2 트레이드...부족한 부분 상호 보완,http://www.thesportstimes.co.kr/news/articleView.html?idxno=330397
550,진옥동 신한은행장 만난 김용선 특허청 차장,http://yna.kr/PYH20210512221300013?did=1196m
551,은행 앱에서 음식·꽃 배달…생활형 연계 서비스로 '진화중',https://www.news1.kr/articles/?4307339
552,"신한銀, 서울시 자영업자 대상 상권분석 컨설팅",http://news.einfomax.co.kr/news/articleView.html?idxno=4147598
553,신한은행 김이슬ㆍ김하나↔하나원큐 강계리ㆍ장은혜 2:2 트레이드...부족한 부분 상호 보완,http://www.thesportstimes.co.kr/news/articleView.html?idxno=330397
554,그새 해이해졌나…4대은행 1분기 36억 과태료,http://news.heraldcorp.com/view.php?ud=20210520000115
555,"신한은행-강원도, 통합서비스 플랫폼 구축 위한 업무협약 체결",http://www.ftoday.co.kr/news/articleView.html?idxno=215201
556,신한은행 재직 충북대동문 발전기금 2천500만원,https://www.inews365.com/news/article.html?no=667210
557,신한은행이 140억 들여 '배달 앱' 만드는 이유 알고보니…,https://www.hankyung.com/economy/article/202105111447i
558,"'은행앱', 생활서비스도 거뜬...단순 앱 넘어 '슈퍼앱'으로",http://www.opinionnews.co.kr/news/articleView.html?idxno=50267
559,"신한은행, 신상품 출시 전 신용평가모델 고도화 나선다",http://www.wolyo.co.kr/news/articleView.html?idxno=118515
560,"신한은행, 신상품 출시 전 신용평가모델 고도화 나선다",http://www.wolyo.co.kr/news/articleView.html?idxno=118515
561,"신한은행, 강원도 통합서비스 플랫폼 구축 추진",http://www.meconomynews.com/news/articleView.html?idxno=53420
562,"신한은행, 네이버페이 연계 전세대출 이벤트 시행",http://www.betanews.net:8080/article/1264553.html
563,"""디지털 전환의 역설""...은행권, 인력 감축현상 '심화'",http://www.youthdaily.co.kr/news/article.html?no=71841
564,"신한은행, 신한카드와 서울시 자영업자 대상 빅데이터 상권분석 컨설팅 실시",http://www.thebigdata.co.kr/view.php?ud=202105141450118385d0a8833aad_23
565,"신한은행-강원도, 통합 서비스 플랫폼 구축 위한 업무협약",http://www.techholic.co.kr/news/articleView.html?idxno=198163
566,"신한은행, S Life Care 증여신탁 출시",https://www.sedaily.com/NewsView/22M9NN9M9N
567,"신한은행, 자산관리 플랫폼 '마이 자산' 새단장",https://www.news1.kr/articles/?4298156
568,"신한은행, '신한 커리온 1기' 모집…특성화고 학생 사회 첫걸음 지원",http://www.newslock.co.kr/news/articleView.html?idxno=40192
569,"H2KOREA·신한은행, 수소산업 확대 협력",http://www.todayenergy.kr/news/articleView.html?idxno=236137
570,"신한은행, 자산관리 플랫폼 '마이 자산' 새단장",https://www.news1.kr/articles/?4298156
571,"신한은행, 네이버페이 연계 전세대출 이벤트 시행",http://www.techholic.co.kr/news/articleView.html?idxno=198136
572,"신한은행, 강원도와 '통합 서비스 플랫폼 구축' 업무협약",http://www.finomy.com/news/articleView.html?idxno=93100
573,"신한은행, '신한 커리온 1기' 모집…특성화고 학생 사회 첫걸음 지원",http://www.newslock.co.kr/news/articleView.html?idxno=40192
574,"H2KOREA·신한은행, 수소산업 확대 협력",http://www.todayenergy.kr/news/articleView.html?idxno=236137
575,특성화고·스타트업의 '동행'...신한銀 '커리어온' 1기 모집,http://www.youthdaily.co.kr/news/article.html?no=71489
576,춘천YMCA·신한은행 보호종료아동 경제·금융교육지원 업무협약,http://www.newsis.com/view/?id=NISX20210513_0001440520&cID=10805&pID=10800
577,"은행권 대규모 공채 기피, IT중심 수시채용으로 내실화",http://www.naeil.com/news_view/?id_art=386635
578,"신한은행, '쏠 지갑' 출시…""자산관리부터 백신접종 증명까지""",http://www.metroseoul.co.kr/article/20210520500218
579,디지털 인재만 뽑는 은행권… 공채문은 잠갔다,http://moneys.mt.co.kr/news/mwView.php?no=2021051817018068375
580,"신한銀, '그린뉴딜' 성공적 추진 위해 수소융합얼라이언스와 맞손",http://news.tf.co.kr/read/economy/1859949.htm
581,특성화고·스타트업의 '동행'...신한銀 '커리어온' 1기 모집,http://www.youthdaily.co.kr/news/article.html?no=71489
582,춘천YMCA·신한은행 보호종료아동 경제·금융교육지원 업무협약,http://www.newsis.com/view/?id=NISX20210513_0001440520&cID=10805&pID=10800
583,"은행권 대규모 공채 기피, IT중심 수시채용으로 내실화",http://www.naeil.com/news_view/?id_art=386635
584,"신한은행, 신규 전세대출 고객에 네이버페이 포인트 증정",http://www.ftoday.co.kr/news/articleView.html?idxno=215078
585,"신한은행, '쏠 지갑' 출시…""자산관리부터 백신접종 증명까지""",http://www.metroseoul.co.kr/article/20210520500218
586,디지털 인재만 뽑는 은행권… 공채문은 잠갔다,http://moneys.mt.co.kr/news/mwView.php?no=2021051817018068375
587,"신한은행, ESG 후순위채권 4000억 발행…""자기자본 확충""",http://www.newsis.com/view/?id=NISX20210506_0001431988&cID=10401&pID=10400
588,신한은행 '해외주식 선물하기' 출시,http://www.digitaltoday.co.kr/news/articleView.html?idxno=401810
589,"신한은행, 신한카드와 서울시 자영업자 대상 빅데이터 상권분석 컨설팅 실시",http://www.dailysmart.co.kr/news/articleView.html?idxno=44612
590,"신한은행, ESG 후순위채권 4000억 발행…""자기자본 확충""",http://www.newsis.com/view/?id=NISX20210506_0001431988&cID=10401&pID=10400
591,신한은행 '해외주식 선물하기' 출시,http://www.digitaltoday.co.kr/news/articleView.html?idxno=401810
592,"신한은행, 신한카드와 서울시 자영업자 대상 빅데이터 상권분석 컨설팅 실시",http://www.dailysmart.co.kr/news/articleView.html?idxno=44612
593,"선 넘는 은행들…네이버,게임사 등 업무협력 합종연횡",https://view.asiae.co.kr/article/2021051408531806276
594,"신한은행, '신한 커리어온 1기' 모집 '특성화고-스타트업' 인재 매칭",http://www.ekoreanews.co.kr/news/articleView.html?idxno=50745
595,판커지는 배달앱 시장…신한은행도 대규모 투자 나서,http://news.mk.co.kr/newsRead.php?no=455609&year=2021
596,신한은행에서 전세대출 받으면 네이버페이 포인트 준다,http://www.ddaily.co.kr/news/article.html?no=214054
597,"신한은행·강원도, 도민 중심 통합 서비스 플랫폼 구축 위한 업무협약 체결",http://sports.chosun.com/news/ntype.htm?id=202105140100102360006587&servicedate=20210513
598,"신한은행, 네이버페이 연계 전세대출 이벤트 시행",http://www.dailysmart.co.kr/news/articleView.html?idxno=44470
599,"은행권, 계속되는 '문송합니다'···공채 대신 디지털·IT 수시채용 중심",http://www.sisajournal-e.com/news/articleView.html?idxno=232303
600,"신한은행, 4000억 ESG 후순위채 발행",http://news.mt.co.kr/mtview.php?no=2021050614162698960
601,"신한은행, 네이버페이 연계 전세대출 이벤트 시행",http://www.dailysmart.co.kr/news/articleView.html?idxno=44470
602,"은행권, 계속되는 '문송합니다'···공채 대신 디지털·IT 수시채용 중심",http://www.sisajournal-e.com/news/articleView.html?idxno=232303
603,"전필환 신한은행 부행장 “디지털금융 시대, 고객 접점 넓힌다”",https://economist.co.kr/2021/05/10/finance/bank/20210510100100227.html
604,"신한은행, 강원도와 통합서비스 플랫폼 구축 업무협약",https://view.asiae.co.kr/article/2021051310113021784
605,"네이버·신한은행 손잡았다…""전세 매물 검색부터 대출까지""",https://www.hankyung.com/economy/article/202105125842i
606,신한은행 '채용비리'항소심 재개..'홈앤쇼핑 강남훈'변수,http://4th.kr/View.aspx?No=1634492
607,'2021 신한은행 카트라이더 리그 시즌1' 팀전 결승 15일 개최,http://www.inews24.com/view/1367363
608,"[금융업계기상도]농협은행·기업은행 ‘비’, 우리은행·케이뱅크 ‘맑음’",http://www.nspna.com/news/?mode=view&newsid=503283
609,신한銀 앱 '해외주식 선물' 서비스,http://www.fnnews.com/news/202105101751009519
610,신한은행 '채용비리'항소심 재개..'홈앤쇼핑 강남훈'변수,http://4th.kr/View.aspx?No=1634492
611,"신한은행, 강원도와 통합 서비스 플랫폼 '나야나' 구축 추진",http://www.newsworks.co.kr/news/articleView.html?idxno=548279
612,"신한은행, 네이버 부동산에 '전세대출' 배너 넣는다",http://www.getnews.co.kr/news/articleView.html?idxno=530187
613,"신한은행, 전세대출 이벤트 시행…""네이버페이와 연계""",http://www.weeklytoday.com/news/articleView.html?idxno=365232
614,'2021 신한은행 카트라이더 리그 시즌1' 팀전 결승 15일 개최,http://www.inews24.com/view/1367363
615,"[금융업계기상도]농협은행·기업은행 ‘비’, 우리은행·케이뱅크 ‘맑음’",http://www.nspna.com/news/?mode=view&newsid=503283
616,신한銀 앱 '해외주식 선물' 서비스,http://www.fnnews.com/news/202105101751009519
617,"신한은행, 'SOL 지갑' 출시…코로나 백신접종 증명 기능도",https://www.iloveorganic.co.kr/news/articleView.html?idxno=325137
618,"신한은행, 수소융합얼라이언스와 그린뉴딜 추진",http://www.newspim.com/news/view/20210510000873
619,"H2KOREA-신한은행, 금융지원으로 수소산업 확대 협력",http://news.kmib.co.kr/article/view.asp?arcid=0015830320&code=61141411&cp=nv
620,"신한은행, 'SOL 지갑' 출시…코로나 백신접종 증명 기능도",https://www.iloveorganic.co.kr/news/articleView.html?idxno=325137
621,"신한은행, 수소융합얼라이언스와 그린뉴딜 추진",http://www.newspim.com/news/view/20210510000873
622,"H2KOREA-신한은행, 금융지원으로 수소산업 확대 협력",http://news.kmib.co.kr/article/view.asp?arcid=0015830320&code=61141411&cp=nv
623,"넥슨, ‘2021 신한은행 Hey Young 카트라이더 리그 시즌1’ 샌드박스 게이밍 우승",https://www.gamechosun.co.kr/webzine/article/view.php?no=174726
624,"국민은행, 샌드박스 게이밍과 네이밍 스폰서십 추가 체결",https://www.dailian.co.kr/news/view/993399/?sc=Naver
625,"증권사, 은행과 실적 대등해졌다..주식 시장 열기 영향",http://theviewers.co.kr/View.aspx?No=1639750
626,"“애플·아마존 주식도 선물해요”… 신한은행, 해외주식 선물하기 출시",http://moneys.mt.co.kr/news/mwView.php?no=2021051013508057489
627,"신한은행, 신한카드와 서울 자영업자 대상 빅데이터 상권분석 컨설팅 진행",http://www.updownnews.co.kr/news/articleView.html?idxno=231504
628,Z세대 마음잡기 나선 은행권...디지털 플랫폼 특화 공략 본격화,http://www.updownnews.co.kr/news/articleView.html?idxno=231675
629,"통계청, 신한은행과 '데이터 활용 협력' MOU 체결",http://www.fnnews.com/news/202105071234045138
630,"신한은행-통계청, 민간·공공 데이터 활용해 사회 문제 연구",https://biz.chosun.com/stock/finance/2021/05/07/UFY3VYGIFZGPNEZ5QM3RQSCVNA/?utm_source=naver&utm_medium=original&utm_campaign=biz
631,신한은행도 마통 뚫고 안 쓰면 한도 20% 깎는다… 4대 은행 모두 축소,https://biz.chosun.com/stock/finance/2021/05/07/GGW6P5WUAZCQLOEREXERUXRTSA/?utm_source=naver&utm_medium=original&utm_campaign=biz
632,"신한은행, '해외주식 선물하기' 서비스 개시…소수점 단위 선물 가능",http://www.inews24.com/view/1365517
633,"신한은행, 강원도와 통합 서비스 플랫폼 구축을 위한 업무협약 체결",http://theviewers.co.kr/View.aspx?No=1630717
634,"신한은행, 전세대출 신규고객에게 네이버페이 포인트 주는 행사",https://www.businesspost.co.kr/BP?command=article_view&num=231121
635,"신한은행, 수소전문기업에 금융ㆍ비금융 지원…그린뉴딜 추진 속도",https://www.etoday.co.kr/news/view/2024365
636,"신한銀-신한카드, 자영업자 대상 '상권분석 컨설팅' 실시",http://www.newscape.co.kr/news/view.php?idx=61821
637,"""비트코인 환치기 막아라""… NH농협은행도 비대면 해외송금 제한",http://moneys.mt.co.kr/news/mwView.php?no=2021051109448017047
638,"신한은행, 통합자산관리 플랫폼 ‘MY 자산’ 개편",https://biz.chosun.com/stock/finance/2021/05/06/XJYLTC6YCJAYHCYGQHI56WQRCU/?utm_source=naver&utm_medium=original&utm_campaign=biz
639,"샌드박스 게이밍, 넥슨 '2021 신한은행 카트라이더 리그 시즌1' 우승",http://www.getnews.co.kr/news/articleView.html?idxno=530785
640,"샌드박스 게이밍, 넥슨 '2021 신한은행 카트라이더 리그 시즌1' 우승",http://www.getnews.co.kr/news/articleView.html?idxno=530785
641,"신한은행, '해외주식 선물하기' 기능 출시",http://www.shinailbo.co.kr/news/articleView.html?idxno=1409593
642,"신한은행-H2KOREA, 그린뉴딜 추진 MOU",http://www.shinailbo.co.kr/news/articleView.html?idxno=1409623
643,"[게임소식] 넥슨, ‘신한은행 Hey Young 카트라이더 리그 시즌1’ 팀전 결승 개최 외",https://sports.hankooki.com/lpage/economy/202105/sp20210514163250137000.htm?s_ref=nv
644,"신한은행, 선물환 거래확인서 비대면 서비스 출시",http://www.kpinews.co.kr/news/articleView.html?idxno=147094
645,"신한은행, 강원도와 통합 서비스 플랫폼 구축 위한 업무협약 체결",http://kpenews.com/View.aspx?No=1629945
646,"신한지주·은행, ESG 채권으로 각각 5억달러·4000억원 조달",https://www.hankyung.com/economy/article/202105064682i
647,"""간편 검색, 신청"" 신한은행, 네이버페이 연계 전세대출 이벤트 시행",http://www.koreaittimes.com/news/articleView.html?idxno=105760
648,5개 은행 시금고 유치전…최근 5년간 지자체에 1조 납부,http://www.kukinews.com/newsView/kuk202105200044
649,"KB국민은행, 샌드박스 게이밍과 네이밍 스폰서십 추가 체결",http://www.wsobi.com/news/articleView.html?idxno=122418
650,5개 은행 시금고 유치전…최근 5년간 지자체에 1조 납부,http://www.kukinews.com/newsView/kuk202105200044
651,"넥슨, '신한은행 Hey Young 카트라이더 리그 시즌1' 샌드박스 게이밍 우승",http://www.koreaittimes.com/news/articleView.html?idxno=105875
652,"KB국민은행, 샌드박스 게이밍과 네이밍 스폰서십 추가 체결",http://www.wsobi.com/news/articleView.html?idxno=122418
653,"신한은행, '해외주식 선물하기' 출시 ",http://www.newsbrite.net/news/articleView.html?idxno=149522
654,"달라진 은행권 채용 풍속도…""공채 대신 디지털·지역인재""",http://www.newscape.co.kr/news/view.php?idx=61954
655,"신한은행, 신한카드와 서울시 자영업자 대상 빅데이터 상권분석 컨설팅 실시",http://www.lawissue.co.kr/view.php?ud=20210514142901548204ead0791_12
656,"신한은행, 신한카드와 서울시 자영업자 대상 빅데이터 상권분석 컨설팅 실시",http://theviewers.co.kr/View.aspx?No=1633926
657,"H2KOREA-신한은행, 수소산업 위한 금융지원 협력 나서",https://www.ekn.kr/web/view.php?key=20210510010001848
658,"[뉴스투데이 E] 신한은행, 네이버페이 연계 전세대출 이벤트 시행",https://www.news2day.co.kr/article/20210512500082
659,"신한은행-통계청, 데이터 활용·공동연구 협약",http://www.etnews.com/20210507000085
660,"H2KOREA-신한은행, 수소산업 위한 금융지원 협력 나서",https://www.ekn.kr/web/view.php?key=20210510010001848
661,"[뉴스투데이 E] 신한은행, 네이버페이 연계 전세대출 이벤트 시행",https://www.news2day.co.kr/article/20210512500082
662,"신한은행-통계청, 데이터 활용·공동연구 협약",http://www.etnews.com/20210507000085
663,넥슨·엔씨·넷마블-증권·은행 '협업',https://www.ebn.co.kr/news/view/1484337/?sc=Naver
664,"[구단소식] 신한은행-하나원큐, 김이슬-강계리 포함한 2대2 트레이드",https://sports.news.naver.com/news.nhn?oid=065&aid=0000216456
665,"수출입은행, 해외중소기업 지원 확대…대출 한도·대상 늘려",http://www.wowtv.co.kr/NewsCenter/News/Read?articleId=A202105200157&t=NN
666,"[은행가소식] 하나은행 ""실손보험 청구도 앱으로 빠르게""",https://www.asiatime.co.kr/article/20210518500256
667,"은행이 평가하는 주채무계열, HMM·HDC등 6곳 추가…세아·KG 제외",https://www.news1.kr/articles/?4312132
668,"2021 신한은행 Hey Young 카트라이더 리그 시즌1, 샌드박스 게이밍 우승",http://www.betanews.net:8080/article/1265066.html
669,"5대 은행, 지자체 금고 유치 출혈 경쟁…올해 출연금만 2800억",http://www.fntimes.com/html/view.php?ud=202105201710106369f09e13944d_18
670,"[은행가소식] 하나은행 ""실손보험 청구도 앱으로 빠르게""",https://www.asiatime.co.kr/article/20210518500256
671,"은행이 평가하는 주채무계열, HMM·HDC등 6곳 추가…세아·KG 제외",https://www.news1.kr/articles/?4312132
672,"2021 신한은행 Hey Young 카트라이더 리그 시즌1, 샌드박스 게이밍 우승",http://www.betanews.net:8080/article/1265066.html
673,"5대 은행, 지자체 금고 유치 출혈 경쟁…올해 출연금만 2800억",http://www.fntimes.com/html/view.php?ud=202105201710106369f09e13944d_18
674,"신한은행, 통계청과 ‘데이터 활용·공동연구’ 협약",https://www.sedaily.com/NewsView/22M9NMLLTQ
675,"규모는 작게, 전문성은 확대...은행권 채용 트렌드가 달라진다",http://thepublic.kr/news/newsview.php?ncode=1065577770469519
676,"신한은행, 강원도와 통합 서비스 플랫폼 구축 위한 업무협약 체결",http://www.dailysmart.co.kr/news/articleView.html?idxno=44539
677,"신한銀, '신한 S라이프케어 증여신탁' 출시",http://www.edaily.co.kr/news/newspath.asp?newsid=02564966629046624
678,'고난도 상품 숙려제' 시행…은행권 영업 위축 우려,http://news.tf.co.kr/read/economy/1860895.htm
679,"신한은행, 네이버페이 연계 전세대출 이벤트 시행",http://www.lawissue.co.kr/view.php?ud=202105121905459785204ead0791_12
680,'고난도 상품 숙려제' 시행…은행권 영업 위축 우려,http://news.tf.co.kr/read/economy/1860895.htm
681,"신한은행, 네이버페이 연계 전세대출 이벤트 시행",http://www.lawissue.co.kr/view.php?ud=202105121905459785204ead0791_12
682,"넥슨 ‘2021 신한은행 Hey Young 카트라이더 리그 시즌1’, 샌드박스 게이밍 우승",http://www.cnbnews.com/news/article.html?no=492118
683,"[뉴스투데이 E] 신한은행, 신한카드와 서울시 자영업자 대상 ‘빅데이터 상권분석’ 컨설팅 실시",https://www.news2day.co.kr/article/20210514500209
684,"신한은행, 해외주식 선물하기 출시",http://www.thebigdata.co.kr/view.php?ud=202105101415208181d0a8833aad_23
685,"신한은행-통계청, 금융정보 활용 협력",https://www.hankyung.com/economy/article/2021050795501
686,신한은행 전세대출 받고 네이버페이 포인트 받자,http://www.smedaily.co.kr/news/articleView.html?idxno=203501
687,"신한은행, 신한 S Life Care 증여신탁 출시",https://www.insight.co.kr/news/337234
688,"신한은행, 선물환 거래확인서 비대면 서비스 출시",http://www.metroseoul.co.kr/article/20210517500172
689,"""MZ 세대 잡아라""…유튜브 넘어 인스타 공략하는 시중은행",https://view.asiae.co.kr/article/2021051518505504219
690,"통계청-신한은행, 금융 데이터 활용 공동연구 MOU 체결",https://view.asiae.co.kr/article/2021050711293440474
691,"""MZ 세대 잡아라""…유튜브 넘어 인스타 공략하는 시중은행",https://view.asiae.co.kr/article/2021051518505504219
692,신한금융그룹 'Zero Carbon·Zero Fuell(제로카본·제로퓨얼)' 선언,http://www.newscj.com/news/articleView.html?idxno=861678
693,"신한은행, '해외주식 선물하기' 출시",http://www.paxetv.com/news/articleView.html?idxno=116784
694,"신한은행, 4000억 ESG 채권 후순위채 발행",https://sports.hankooki.com/lpage/economy/202105/sp20210506145513148190.htm?s_ref=nv
695,"사라지는 은행 공채…""신입 보다 전문 인력""",http://www.dt.co.kr/contents.html?article_no=2021051702109963077005&ref=naver
696,‘사상최대’ 16兆 빚잔치에 대출금리 쑥...은행들 ‘표정관리’,https://www.dailian.co.kr/news/view/991483/?sc=Naver
697,신한銀의 '아마존 사랑'···주식 29억원어치 매입,https://www.paxnetnews.com/articles/74290
698,"신한은행, 원화 ESG 채권 후순위채 4천억원 발행",https://biz.chosun.com/stock/finance/2021/05/06/ZNXG7FXLWFFOZFYD64IQJREAT4/?utm_source=naver&utm_medium=original&utm_campaign=biz
699,네이버 부동산에 신한은행 전세대출 상품 서비스 받는다,http://www.kukinews.com/newsView/kuk202105130025
700,"신한은행, '해외주식 선물하기' 출시",http://www.dailysmart.co.kr/news/articleView.html?idxno=44328
701,네이버 손잡는 대형 은행들…빅테크와 협업 본격화되나,http://www.newsis.com/view/?id=NISX20210512_0001439208&cID=10401&pID=10400
702,"H2KOREA-신한은행, 금융지원으로 수소산업 확대 협력",http://www.energydaily.co.kr/news/articleView.html?idxno=118226
703,"신한은행, 마이데이터 서비스 앞두고 'MY 자산' 리뉴얼",http://www.fnnews.com/news/202105061405579927
704,[브리핑] 신한은행·국민은행·농협은행,http://4th.kr/View.aspx?No=1632380
705,팬데믹 이후 은행권 중기 기술신용대출 증가...기업·신한은행 두각,http://www.consumernews.co.kr/news/articleView.html?idxno=626616
706,"'신한은행', 강원도와 통합 서비스 플랫폼 구축 협약",http://www.thereport.co.kr/news/articleView.html?idxno=12099
707,"신한銀, '마통' 뚫고 안쓰면 한도 최대 20% 축소",https://view.asiae.co.kr/article/2021050713402513123
708,"신한은행, 통계청과 데이터 기반 공동연구 나선다",http://www.inews24.com/view/1365132
709,은행권 공채는 대체 언제 열리나요?...非개발직·非경력직 ‘울상’,http://www.pinpointnews.co.kr/view.php?ud=2021052017095612269f27410725_45
710,"신한은행, '해외주식 선물하기' 출시",http://www.finomy.com/news/articleView.html?idxno=92927
711,은행권 공채는 대체 언제 열리나요?...非개발직·非경력직 ‘울상’,http://www.pinpointnews.co.kr/view.php?ud=2021052017095612269f27410725_45
712,"신한은행-하나원큐, 2대2 트레이드...김이슬 친정 복귀",http://www.rookie.co.kr/news/articleView.html?idxno=61552
713,"신한은행, 특성화고 인재 매칭 위한 '커리어온' 1기 모집",http://www.discoverynews.kr/402693
714,[부고] 정상일 신한은행 농구단 감독 부친상,http://www.thesportstimes.co.kr/news/articleView.html?idxno=330450
715,신한은행 쏠퀴즈·더 겜성퀴즈·신한 페이판 OX 퀴즈 5월18일 정답은?,http://www.newsworks.co.kr/news/articleView.html?idxno=549024
716,"신한銀, '해외주식 선물하기' 출시…""쏠 기프팅과 함께하세요""",https://view.asiae.co.kr/article/2021051010385591231
717,"신한은행, 원화 ESG 채권 후순위채 4000억원 발행",https://www.etoday.co.kr/news/view/2023277
718,"신한은행, 강원도와 통합서비스 플랫폼 구축 추진",http://www.newspim.com/news/view/20210513000444
719,"신한은행, '선물환 거래확인서 비대면 서비스' 출시",http://www.wsobi.com/news/articleView.html?idxno=121772
720,"신한은행, '선물환 거래확인서 비대면 서비스' 출시",http://www.wsobi.com/news/articleView.html?idxno=121772
721,"신한은행, 수소전문기업 육성 지원 나선다",http://www.newsfreezone.co.kr/news/articleView.html?idxno=314902
722,"[단독] 신한은행, 앱 통해 코로나 백신 접종 인증 제공한다",https://economist.co.kr/2021/05/07/finance/bank/20210507104901301.html
723,"""전세대출 신청하고, 포인트도 받고""...신한은행-네이버페이 '맞손'",http://www.babytimes.co.kr/news/articleView.html?idxno=45934
724,"신한은행, 통계청과 데이터 활용 및 공동연구 업무협약 체결",https://www.etoday.co.kr/news/view/2023626
725,"신한은행, 쏠 기프팅 서비스에 ‘해외주식 선물하기’ 출시",https://www.dailian.co.kr/news/view/989632/?sc=Naver
726,[부고] 정상일(여자프로농구 신한은행 감독)씨 부친상,http://www.sporbiz.co.kr/news/articleView.html?idxno=524303
727,"신한銀, 수소융합얼라이언스와 수소전문기업 지원",http://news.einfomax.co.kr/news/articleView.html?idxno=4146634
728,"신한금융, ‘Zero Carbon·Zero Fuel’ 선언...2030년 업무차량 100% 전기·수소차",http://www.g-enews.com/ko-kr/news/article/news_all/202105201348053698da878e5c53_1/article.html
729,"신한은행, 신한 S라이프케어 증여신탁 출시",https://www.dailian.co.kr/news/view/989296/?sc=Naver
730,"신한은행, 증여·절세·투자 혜택 ‘신한 S 라이프케어 증여신탁’ 출시",https://biz.chosun.com/stock/finance/2021/05/07/WRIQ57WYKVFELBRJ66ILLZKOHY/?utm_source=naver&utm_medium=original&utm_campaign=biz
731,<부고> 정상일씨(여자프로농구 신한은행 감독) 부친상,http://www.fnnews.com/news/202105211052585249
732,"신한은행, 수소융합얼라이언스와 함께 수소에너지 보급 활성화 추진",https://www.businesspost.co.kr/BP?command=article_view&num=230791
733,"신한銀-강원도, 통합 서비스 플랫폼 '나야나' 구축 나서",http://www.newscape.co.kr/news/view.php?idx=61757
734,"신한은행, 통계청과 데이터 활용·공동연구 업무협약 체결",https://daily.hankooki.com/lpage/finance/202105/dh20210507151520148320.htm?s_ref=nv
735,"신한은행, 보이스피싱 피해예방 야간 모니터링 시행",https://www.siminilbo.co.kr/news/newsview.php?ncode=1065579827534156
736,"신한은행 ""자산관리부터 백신 접종 증명까지 쏠 지갑으로""",http://www.newscj.com/news/articleView.html?idxno=861799
737,"수출입은행, '해외온렌딩' 확대…中企 지원 강화",https://www.dailian.co.kr/news/view/993219/?sc=Naver
738,"KB국민은행, 은행 브랜드평판 2021년 5월...1위",http://www.beyondpost.co.kr/view.php?ud=20210517100553687946a9e4dd7f_30
739,"신한銀, 통합자산관리 플랫폼 'MY 자산' 리뉴얼",http://news.tf.co.kr/read/economy/1859276.htm
740,"KB국민은행, 은행 브랜드평판 2021년 5월...1위",http://www.beyondpost.co.kr/view.php?ud=20210517100553687946a9e4dd7f_30
741,"신한銀, 통합자산관리 플랫폼 'MY 자산' 리뉴얼",http://news.tf.co.kr/read/economy/1859276.htm
742,"KB국민은행, 샌드박스 게이밍과 네이밍 스폰서십 추가 체결",https://www.asiatoday.co.kr/view.php?key=20210521010011083
743,"신한은행, 신한 S Life Care 증여신탁 출시",http://www.joseilbo.com/news/news_read.php?uid=423217&class=51&grp=
744,은행에서 상권분석까지…은행권 중기·소상공인 컨설팅 열풍,https://view.asiae.co.kr/article/2021051809040065975
745,"신한은행-수소융합얼라이언스, 그린뉴딜 업무협약 체결",http://www.cstimes.com/news/articleView.html?idxno=460301
746,"신한은행, '해외주식 선물하기' 출시",http://www.pressm.kr/news/articleView.html?idxno=43391
747,"신한은행 ""전세대출 받고 네이버페이 포인트 받자""",http://www.newsquest.co.kr/news/articleView.html?idxno=84424
748,"신한은행, 원화 ESG 채권 후순위채 4000억원 발행",https://daily.hankooki.com/lpage/finance/202105/dh20210506144620148320.htm?s_ref=nv
749,"신한은행, 학대피해아동쉼터에 차량 전달",http://www.fnnews.com/news/202105041006097209
750,"신한은행, ESG 후순위채 4000억원 발행",https://www.dailian.co.kr/news/view/988866/?sc=Naver
751,"신한은행, '해외주식 선물하기' 출시",https://www.fetv.co.kr/news/article.html?no=84383
752,"신한은행, 통계청과 '데이터 활용 협력' MOU 체결",https://www.wikitree.co.kr/articles/646553
753,"신한은행, 통합자산관리 플랫폼 ‘MY 자산’ 리뉴얼",https://daily.hankooki.com/lpage/finance/202105/dh20210506134506148320.htm?s_ref=nv
754,신한은행 그린뉴딜 강화 협력,http://www.munhwa.com/news/view.html?no=2021051101032905000002
755,"신한은행, 네이버페이 전세대출 신규 고객 대상 포인트 증정 이벤트 시행",http://www.kihoilbo.co.kr/news/articleView.html?idxno=926777
756,"넷마블·넥슨 등 게임업계, 하나·신한 등 금융권과 손잡는 이유",http://www.newsfreezone.co.kr/news/articleView.html?idxno=315134
757,"넥슨, ‘2021 신한은행 Hey Young 카트라이더 리그 시즌1’ 샌드박스 게이밍 우승",http://www.thebigdata.co.kr/view.php?ud=202105171720517750d0a8833aad_23
758,기업고객 편의성 증대...신한銀 '선물환 거래확인서 비대면 서비스' 실시,http://www.youthdaily.co.kr/news/article.html?no=71393
759,역대급 실적에도 시중은행 신입공채 문은 ‘닫힘’,https://economist.co.kr/2021/05/13/finance/bank/20210513164800217.html
760,기업고객 편의성 증대...신한銀 '선물환 거래확인서 비대면 서비스' 실시,http://www.youthdaily.co.kr/news/article.html?no=71393
761,역대급 실적에도 시중은행 신입공채 문은 ‘닫힘’,https://economist.co.kr/2021/05/13/finance/bank/20210513164800217.html
762,"신한생명 텔레마케팅 강화, 규제완화에 통합 신한라이프 수혜 전망",https://www.businesspost.co.kr/BP?command=article_view&num=232383
763,빅테크 동맹 강화?…‘금융 주도권’ 내주는 시중은행,https://magazine.hankyung.com/business/article/202105131573b
764,"신한은행, 수소전문 中企 성장 돕는다",http://www.smedaily.co.kr/news/articleView.html?idxno=203360
765,‘神의 직장’이라던 한국은행… 직원 만족도는 2.7점,http://www.munhwa.com/news/view.html?no=2021052001032803006002
766,"신한은행, 모바일 플랫폼에 해외주식 선물 기능 추가",http://www.insnews.co.kr/design_php/news_view.php?num=65516&firstsec=1&secondsec=17
767,[부고] 정상일 인천 신한은행 감독 부친상,http://www.rookie.co.kr/news/articleView.html?idxno=61636
768,"신한은행, 수소융합얼라이언스와 업무협약 체결",http://www.dailysmart.co.kr/news/articleView.html?idxno=44368
769,"특성화고-스타트업 인재매칭 신한은행, 신한 커리어온 1기 모집",http://www.wsobi.com/news/articleView.html?idxno=122160
770,[브리핑] 국민은행·신한은행·하나은행·우리은행,http://4th.kr/View.aspx?No=1625575
771,"신한은행, 신한카드와 서울 자영업자 상권분석 컨설팅",http://www.startuptoday.co.kr/news/articleView.html?idxno=76315
772,"신한은행, 통계청과 금융 빅데이터 공동연구에 '맞손'",http://biz.newdaily.co.kr/site/data/html/2021/05/07/2021050700102.html
773,"신한은행, 네이버와 손잡는다... 대출·부동산 연계",http://www.meconomynews.com/news/articleView.html?idxno=53415
774,"신한은행, 선물환 거래확인서 비대면 서비스 출시",https://www.asiatoday.co.kr/view.php?key=20210517010009028
775,넥슨 '신한은행 헤이 영 카트라이더 리그 시즌1' 팀 결승전 개최,http://www.shinailbo.co.kr/news/articleView.html?idxno=1411553
776,은퇴설계 공들이는 은행들 '쏠드족' 모시기 나섰다는데…,http://news.mk.co.kr/newsRead.php?no=463546&year=2021
777,빅테크에 종속된 지방은행...시중은행은 `위험한 동침`,https://www.wowtv.co.kr/NewsCenter/News/Read?articleId=A202105180200&t=NNv
778,'진옥동 운명의 날' 라임사태 신한은행 제재심 재개,http://yna.kr/AKR20210421165800002?did=1195m
779,"신한은행, 전세 대출자 5000명에게 '네이버페이 포인트' 5만원 증정",http://www.newsworks.co.kr/news/articleView.html?idxno=547996
780,"신한은행, 전세 대출자 5000명에게 '네이버페이 포인트' 5만원 증정",http://www.newsworks.co.kr/news/articleView.html?idxno=547996
781,"신한은행, 수소융합얼라이언스와 그린뉴딜 추진 업무협약 체결",http://psnews.co.kr/View.aspx?No=1626144
782,"신한은행, 수소융합얼라이언스와 업무협약...그린뉴딜 지원",http://www.digitaltoday.co.kr/news/articleView.html?idxno=401813
783,"신한은행, 학대피해아동쉼터 29곳에 차량 전달",https://www.news1.kr/articles/?4295769
784,"신한은행, 강원도와 통합 서비스 플랫폼 구축",http://www.digitaltoday.co.kr/news/articleView.html?idxno=402296
785,"신한은행, 네이버부동산 연계 전세대출 시장 공략",http://news.bizwatch.co.kr/article/finance/2021/05/12/0006
786,[브리핑] 하나은행·농협은행·우리은행·신한은행,http://4th.kr/View.aspx?No=1629210
787,"신한은행, 강원도와 통합서비스플랫폼 구축",http://www.fntimes.com/html/view.php?ud=202105131118529867f09e13944d_18
788,신한은행도...'안쓰는 마통' 한도 줄인다,https://www.hankyung.com/economy/article/202105079036i
789,"신한은행, 수소융합얼라이언스와 업무협약 체결",https://www.siminilbo.co.kr/news/newsview.php?ncode=1065579021030696
790,"신한은행, 수소융합얼라이언스와 업무협약 체결",http://www.weeklytoday.com/news/articleView.html?idxno=364530
791,"신한은행, 수소융합얼라이언스와 업무협약 체결",https://www.siminilbo.co.kr/news/newsview.php?ncode=1065579021030696
792,"넥슨, '2021 신한은행 Hey Young 카트라이더 리그 시즌1' 팀전 결승 생중계",http://www.enewstoday.co.kr/news/articleView.html?idxno=1479038
793,"은행권, 가상자산거래소 ‘명운’을 쥐다",http://news.heraldcorp.com/view.php?ud=20210520000572
794,"신한은행, 서울시 자영업자 대상 빅데이터 상권분석 컨설팅",http://www.koreastocknews.com/news/articleView.html?idxno=63268
795,"신한은행, '전세대출 받고 네이버페이 포인트 받아가세요'",http://www.insidevina.com/news/articleView.html?idxno=16593
796,"신한은행,‘신한 에스 라이프 케어(S Life Care) 증여신탁’ 출시",http://www.inews24.com/view/1365157
797,"신한은행, 서울시 자영업자 대상 상권분석 컨설팅 실시",https://www.asiatime.co.kr/article/20210516500023
798,코인 환치기 우려에 농협은행도 송금한도 제한,http://www.edaily.co.kr/news/newspath.asp?newsid=01476006629047936
799,"[뉴스투데이 E] 신한은행, ‘해외주식 선물하기’ 출시",https://www.news2day.co.kr/article/20210510500132
800,코인 환치기 우려에 농협은행도 송금한도 제한,http://www.edaily.co.kr/news/newspath.asp?newsid=01476006629047936
801,"[뉴스투데이 E] 신한은행, ‘해외주식 선물하기’ 출시",https://www.news2day.co.kr/article/20210510500132
802,"신한은행, 수소전문기업에 성장단계별 금융지원",http://www.wolyo.co.kr/news/articleView.html?idxno=118284
803,"신한은행, 네이버와 전세대출 맞손…신규고객에 5만 포인트 지급",http://www.fntimes.com/html/view.php?ud=202105130928383912f09e13944d_18
804,"신한은행, “네이버페이로 전세대출 받고 포인트 받자”",http://thepublic.kr/news/newsview.php?ncode=1065595682401763
805,"중소기업, 수출입은행 대출 문턱 낮아진다",https://www.paxnetnews.com/articles/74310
806,"라임사태 제재심, 신한은행장 '주의적 경고' 징계…한단계 감경",http://yna.kr/AKR20210423002900002?did=1195m
807,"신한은행, 네이버페이 통해 전세대출 받는 고객에게 포인트 5만원 제공",http://www.datasom.co.kr/news/articleView.html?idxno=114265
808,"신한銀, 통계청과 데이터 활용 및 공동연구 업무협약 체결",https://view.asiae.co.kr/article/2021050714000599733
809,"[은행가소식] 하나은행, 영국 펀드 투자자 보호방안 마련",https://www.asiatime.co.kr/article/20210517500359
810,"신한은행, '해외주식 선물하기' 출시",http://www.koreastocknews.com/news/articleView.html?idxno=63139
811,"신한은행, 통계청과 데이터 활용 및 공동연구 업무협약",http://www.joseilbo.com/news/news_read.php?uid=423202&class=51&grp=
812,신한은행 “전세대출 받고 네이버페이 5만 포인트 받자”,http://theviewers.co.kr/View.aspx?No=1630862
813,사라지는 은행 신입공채… 디지털 전문직 중심 수시채용 전환,http://www.dt.co.kr/contents.html?article_no=2021051802100863077001&ref=naver
814,37년 '뱅커 외길' 신한금융 조용병 회장의 성공스토리 (4) 팀워크가 중요,http://www.sporbiz.co.kr/news/articleView.html?idxno=523870
815,"신한은행, 통합자산관리 플랫폼 ‘MY 자산’ 리뉴얼",https://www.dailian.co.kr/news/view/988949/?sc=Naver
816,"업계 호황에도 나홀로 실적 하락···한국씨티은행, 통매각 가능할까",http://www.sisajournal-e.com/news/articleView.html?idxno=232312
817,"신한은행, 네이버페이서 전세대출 신규하면 포인트 증정",https://www.ekn.kr/web/view.php?key=20210512010002192
818,"신한銀-수소융합얼라이언스, 수소기업 성장지원 협약",http://www.seoulfn.com/news/articleView.html?idxno=419144
819,코인 환치기 우려에…은행권 해외송금 월 1만달러 제한,http://news.einfomax.co.kr/news/articleView.html?idxno=4148103
820,"신한은행, 강원도의 '나야나' 구축 추진",http://www.newsbrite.net/news/articleView.html?idxno=149950
821,‘신한은행’ 강원도와 통합 서비스 플랫폼 구축 협약,https://www.chuksannews.co.kr/news/article.html?no=241115
822,"2021 신한은행 Hey Young 카트라이더 리그 시즌1, 팀전 결승 15일 개최",http://www.gameshot.net/common/con_view.php?code=GA609e05f381e0e
823,"KB국민은행도 해외송금 제한 강화…국내 주요은행, 암호화폐 환치기 차단 안간힘",http://www.ntoday.co.kr/news/articleView.html?idxno=78635
824,"신한금융 대형 인수합병 노하우 쌓여, 조용병 다음 인수대상 찾는다",https://www.businesspost.co.kr/BP?command=article_view&num=231746
825,"김용선 특허청 차장, 신한은행장과 IP금융확대 논의",http://www.fnnews.com/news/202105121646230201
826,"윤석헌 없는 금감원, 은행권 제재심·분조위 영향은",https://view.asiae.co.kr/article/2021051308474498407
827,"신한은행, ‘그린뉴딜’ 수소융합얼라이언스와 업무협약 체결",http://theviewers.co.kr/View.aspx?No=1626060
828,"신한은행, 통합자산관리 플랫폼 MY 자산 리뉴얼",http://www.joseilbo.com/news/news_read.php?uid=423108&class=51&grp=
829,"신한銀 ""전세대출 받고 네이버페이 포인트 받자""",http://www.newscape.co.kr/news/view.php?idx=61697
830,"신한은행, 통합자산관리 플랫폼 MY 자산 리뉴얼",http://www.joseilbo.com/news/news_read.php?uid=423108&class=51&grp=
831,"신한銀 ""전세대출 받고 네이버페이 포인트 받자""",http://www.newscape.co.kr/news/view.php?idx=61697
832,"신한은행, 오는 13일 위드 콘서트 개최",https://daily.hankooki.com/lpage/finance/202105/dh20210504132140148320.htm?s_ref=nv
833,"신한은행-하나원큐, 2대2 트레이드 단행...김이슬, 김하나-강계리, 장은혜 교환",http://basketkorea.com/news/newsview.php?ncode=1065575879542110
834,"H2KOREA-신한은행, 수소기업 금융지원",http://amenews.kr/news/view.php?idx=45069
835,"신한금융, ""100년 신한 좌우할 핵심은 데이터""…데이터 사업·관련 인재 영입 활발",http://www.greened.kr/news/articleView.html?idxno=289663
836,"신한은행, 전세대출 신규 고객에 네이버페이 포인트 증정 이벤트 시행",http://www.pinpointnews.co.kr/view.php?ud=2021051215571947129f27410725_45
837,빅데이터로 사회문제 해결 나선 신한은행,http://www.dt.co.kr/contents.html?article_no=2021051002100863077003&ref=naver
838,"신한은행, 증여ㆍ절세ㆍ투자 한번에 '에스 라이프 케어 증여 신탁' 출시",https://www.etoday.co.kr/news/view/2023685
839,"신한은행, 통계청과 데이터 협업 체계 구축",https://www.ebn.co.kr/news/view/1482755/?sc=Naver
840,"신한은행, 통계청과 데이터 협업 체계 구축",https://www.ebn.co.kr/news/view/1482755/?sc=Naver
841,신한은행 쏠퀴즈·더 겜성퀴즈·신한 페이판 OX 퀴즈 5월17일 정답은?,http://www.newsworks.co.kr/news/articleView.html?idxno=548736
842,"신한은행 ""전세대출 받고 네이버페이 포인트 받자""",http://www.startuptoday.co.kr/news/articleView.html?idxno=76148
843,신한은행 개인형IRP고객을 대상으로 이벤트,http://www.fnnews.com/news/202105031354004429
844,"수출입은행, 해외온렌딩으로 중소기업에 문턱 대폭 낮춘다",http://www.joseilbo.com/news/news_read.php?uid=424049&class=51&grp=
845,"신한은행 ""소액 해외주식 간편하게 선물하세요""",http://www.newscape.co.kr/news/view.php?idx=61586
846,"신한은행, 원화 ESG 채권 후순위채 4000억원 발행",http://www.newspim.com/news/view/20210506000843
847,"강영구 신한은행 충북본부장, '충북 소비촉진 운동' 챌린지 동참",http://www.jbnews.com/news/articleView.html?idxno=1339393
848,"신한은행, 학대피해아동쉼터에 차량 전달",http://www.etnews.com/20210504000050
849,"신한은행, 자영업자 대상 빅데이터 상권분석 컨설팅 제공",http://thepublic.kr/news/newsview.php?ncode=1065603541075938
850,"신한은행, 자영업자 대상 빅데이터 상권분석 컨설팅 제공",http://thepublic.kr/news/newsview.php?ncode=1065603541075938
851,'비대면 주담대' 내놓는 은행들…실제론 비대면 아니다?,https://www.news1.kr/articles/?4307655
852,"신한은행 쏠(SOL), '해외주식 선물하기' 출시",http://www.meconomynews.com/news/articleView.html?idxno=53277
853,"신한은행, 수소융합얼라이언스와 MOU…""그린뉴딜 수행 앞장""",http://4th.kr/View.aspx?No=1626332
854,"신한은행, 통계청과 데이터 활용·공동연구 업무협약 체결",http://www.newspim.com/news/view/20210507000632
855,"신한은행, 강원도와 협력해 모바일 행정서비스 지원 확대",https://www.businesspost.co.kr/BP?command=article_view&num=231349
856,"신한은행, 학대피해아동쉼터에 차량·유류비 지원",https://view.asiae.co.kr/article/2021050410343028176
857,"신한은행, 4000억원 규모 원화 ESG 후순위채권 발행",https://www.wikitree.co.kr/articles/646253
858,"신한銀, 디지털혁신점포 구축 '속도전'",https://www.paxnetnews.com/articles/74000
859,"넥슨, ‘2021 신한은행 Hey Young 카트라이더 리그 시즌1’ 팀전 결승 15일 개최",https://www.gamechosun.co.kr/webzine/article/view.php?no=174685
860,"넥슨, ‘2021 신한은행 Hey Young 카트라이더 리그 시즌1’ 팀전 결승 15일 개최",https://www.gamechosun.co.kr/webzine/article/view.php?no=174685
861,"신한은행, '신한 S Life Care 증여신탁' 출시",http://www.shinailbo.co.kr/news/articleView.html?idxno=1408738
862,"신한은행, KBO 찐 야구팬 위한 '추억의 사진 콘테스트' 이벤트 개최",https://www.siminilbo.co.kr/news/newsview.php?ncode=1065582647094643
863,"신한은행-통계청, 데이터 활용 및 공동연구 MOU",http://www.shinailbo.co.kr/news/articleView.html?idxno=1408574
864,"신한은행, 수소융합얼라이언스와 업무협약 체결",http://www.newsbrite.net/news/articleView.html?idxno=149633
865,"신한銀, 그린뉴딜 성공 위해 '수소 기관'과 맞손",http://www.kbanker.co.kr/news/articleView.html?idxno=98527
866,"신한은행-신한카드, 서울시 자영업자 대상 빅데이터 상권분석 컨설팅",http://www.ekoreanews.co.kr/news/articleView.html?idxno=50677
867,'예금보다 투자' 은행권 자금이탈 가속화,http://www.ggilbo.com/news/articleView.html?idxno=848261
868,"신한은행, '쏠 기프팅 서비스'에 해외주식 선물 기능 출시",http://www.consumernews.co.kr/news/articleView.html?idxno=626154
869,"고위험 상품 계약한 투자자 보호 '첫날', 은행은 아예 판매 중단",https://hankookilbo.com/News/Read/A2021051021160000761?did=NA
870,"넥슨, 15일 '2021 신한은행 Hey Young 카트라이더 리그 시즌1' 개최",http://www.techholic.co.kr/news/articleView.html?idxno=198188
871,"신한은행, 원화 ESG 채권 후순위채 4000억원 발행",https://www.hankyung.com/economy/article/2021050643276
872,"신한은행, 라임CI펀드 분쟁조정안 수용",https://biz.chosun.com/site/data/html_dir/2021/04/21/2021042102538.html?utm_source=naver&utm_medium=original&utm_campaign=biz
873,"신한은행, 전세대출 네이버 연계…""5만 포인트 증정""",https://news.mtn.co.kr/newscenter/news_viewer.mtn?gidx=2021051213463564113
874,"신한은행, '해외주식 선물하기' 출시",https://www.ekn.kr/web/view.php?key=20210510010001767
875,H2KOREA-신한은행 금융지원으로 수소산업 확대,http://www.e2news.com/news/articleView.html?idxno=232578
876,"신한은행, 강원도와 통합 서비스 플랫폼 구축을 위한 업무협약 체결",http://www.newsworker.co.kr/news/articleView.html?idxno=113746
877,"신한銀, 증여·절세·투자 혜택 '신한 S 라이프케어 증여신탁' 출시",https://view.asiae.co.kr/article/2021050715245520939
878,시중은행 판관비 4년만에 하락…'지점 잇단 폐쇄 영향',http://www.newstomato.com/ReadNews.aspx?no=1045597&inflow=N
879,"신한은행, 인성데이타와 협약…'음식주문 플랫폼' 준비",http://yna.kr/AKR20210429169800002?did=1195m
880,"신한銀, 증여·절세·투자 혜택 '신한 S 라이프케어 증여신탁' 출시",https://view.asiae.co.kr/article/2021050715245520939
881,시중은행 판관비 4년만에 하락…'지점 잇단 폐쇄 영향',http://www.newstomato.com/ReadNews.aspx?no=1045597&inflow=N
882,"신한은행, 인성데이타와 협약…'음식주문 플랫폼' 준비",http://yna.kr/AKR20210429169800002?did=1195m
883,신한銀 학대피해아동쉼터 29개소에 차량지원,http://www.fnnews.com/news/202105041831540242
884,"[빅데이터투데이] 은행 2021년 5월 브랜드평판 분석... 1위 KB국민은행, 2위 우리은행, 3위 신한은행",http://www.fntoday.co.kr/news/articleView.html?idxno=256192
885,"시중은행, 상반기 공채 건너뛴다…디지털 인재만 수시채용",https://www.news1.kr/articles/?4307395
886,신한은행과 함께하는 '카트라이더' 리그 시즌1 우승자는 샌드박스 게이밍,https://www.thisisgame.com/webzine/news/nboard/4/?n=124891
887,"신한은행, 수소융합얼라이언스와 업무협약 체결",http://weekly.cnbnews.com/news/article.html?no=138721
888,"통계청-신한은행, 데이터 활용과 협력을 위한 협약 체결",http://www.newsis.com/view/?id=NISI20210507_0017426999
889,"""비트코인 환치기 막아라""… KB국민은행. 외국인 송금액 월 1만달러 제한",http://moneys.mt.co.kr/news/mwView.php?no=2021051813158070786
890,"통계청-신한은행, 데이터 활용과 협력을 위한 협약 체결",http://www.newsis.com/view/?id=NISI20210507_0017426998
891,연말에 신한은행 배달앱 나온다,https://www.hankyung.com/economy/article/202104292423i
892,"“왕좌 탈환 성공했다” 넥슨, ‘2021 신한은행 Hey Young 카트라이더 리그 시즌1’ 샌드박스 게이밍 우승",http://theviewers.co.kr/View.aspx?No=1634083
893,"""비트코인 환치기 막아라""… KB국민은행. 외국인 송금액 월 1만달러 제한",http://moneys.mt.co.kr/news/mwView.php?no=2021051813158070786
894,"신한은행, 통합자산관리 플랫폼 'MY 자산' 리뉴얼…맞춤형 솔루션 제공",http://sports.chosun.com/news/ntype.htm?id=202105060100040620002463&servicedate=20210506
895,[은행권 채용 트렌드] 4대은행 평균 급여 1억원 육박…1위는 KB,http://www.ajunews.com/view/20210520074812090
896,"은행권, 채용문은 좁은데 구인난…'디지털·IT' 인력 못 모시는 이유가 있다 ",http://www.newswatch.kr/news/articleView.html?idxno=54924
897,"신한은행, 신한 S Life Care 증여신탁 출시",http://www.gvalley.co.kr/news/articleView.html?idxno=579812
898,"신한은행, 수소융합얼라이언스와 그린뉴딜 성공적 사업추진 위한 MOU 체결",http://www.thefirstmedia.net/news/articleView.html?idxno=75366
899,"신한라이프, '업계 4위' 도약 예고…신사업 '속도' [이슈+]",https://www.hankyung.com/economy/article/2021051396326
900,"신한은행, 선물환 거래확인서 비대면 서비스 출시",https://www.iloveorganic.co.kr/news/articleView.html?idxno=324972
901,"하나·넷마블, 신한·넥슨…게임회사와 손잡는 은행들 '왜?'",https://www.news1.kr/articles/?4304632
902,"신한은행, 쏠 기프팅 서비스에 ‘해외주식 선물하기’ 출시",http://psnews.co.kr/View.aspx?No=1625583
903,"신한은행, 특성화고-스타트업 연결 '신한 커리어온' 모집",http://www.newscj.com/news/articleView.html?idxno=861146
904,"신한은행, 통계청과 데이터 활용 손잡아",http://www.fnnews.com/news/202105071618520397
905,"신한은행, 증여·절세·투자 한 번에…‘신한 S 라이프 케어’ 증여신탁 출시",https://daily.hankooki.com/lpage/finance/202105/dh20210507151604148320.htm?s_ref=nv
906,"신한은행, ‘해외주식 선물하기’ 기능 공개…“간편하게 주고 받아요”",http://theviewers.co.kr/View.aspx?No=1626146
907,"신한은행, 4천억원 ESG채권 발행",http://www.fnnews.com/news/202105061413381870
908,신한은행이 강원도와 손잡은 까닭은,https://www.fetv.co.kr/news/article.html?no=84764
909,"신한은행, 통계청과 데이터 융합...사회문제 공동 연구",http://www.digitaltoday.co.kr/news/articleView.html?idxno=401605
910,"신한은행-통계청, 데이터 공동연구 업무협약",http://www.cstimes.com/news/articleView.html?idxno=460092
911,"신한은행, 기술금융 실적 1위 KB국민은행 넘어설까",http://www.sisajournal-e.com/news/articleView.html?idxno=232181
912,"신한은행-수소융합얼라이언스, 수소전문기업 육성 MOU 체결",http://www.lcnews.co.kr/news/articleView.html?idxno=17633
913,"신한은행, 학대피해아동쉼터에 차량 전달",http://www.joseilbo.com/news/news_read.php?uid=422968&class=51&grp=
914,"신한은행, 네이버페이 연계 전세대출 이벤트 시행",http://www.ekoreanews.co.kr/news/articleView.html?idxno=50613
915,[금융 단신] NH농협은행·KB국민은행·우리은행·하나캐피탈 外,http://www.dailypop.kr/news/articleView.html?idxno=51245
916,"은행 브랜드평판 5월 빅데이터 분석 1위는 KB국민은행... 2위 우리은행, 3위 신한은행 順",http://www.thebigdata.co.kr/view.php?ud=20210517081247790307d270612f_23
917,"신한은행 점포 폐쇄, 이미 지난해 수준 넘었다",https://biz.chosun.com/stock/finance/2021/05/04/CLA5FZ4XUREANKLVZOKZ5EEXP4/?utm_source=naver&utm_medium=original&utm_campaign=biz
918,"넥슨, ‘2021 신한은행 Hey Young 카트라이더 리그 시즌1’ 팀전 결승 15일 개최",http://www.cnbnews.com/news/article.html?no=491781
919,소상공인 이어 전세대출까지... 빅테크에 종속되는 은행들,http://news.mt.co.kr/mtview.php?no=2021051315500438345
920,"넥슨, ‘2021 신한은행 Hey Young 카트라이더 리그 시즌1’ 팀전 결승 15일 개최",http://www.cnbnews.com/news/article.html?no=491781
921,소상공인 이어 전세대출까지... 빅테크에 종속되는 은행들,http://news.mt.co.kr/mtview.php?no=2021051315500438345
922,"신한은행, 신한 커리어온 1기 모집",http://www.kpinews.co.kr/news/articleView.html?idxno=147173
923,"신한은행, 특성화고·스타트업 매칭 '신한 커리어온' 1기 모집",https://www.iloveorganic.co.kr/news/articleView.html?idxno=325036
924,"신한은행-통계청, 데이터 활용·공동연구 협약",http://www.newstomato.com/ReadNews.aspx?no=1042901&inflow=N
925,"신한은행, 학대피해아동쉼터 29곳에 차량·44곳에 유류비 지원",https://daily.hankooki.com/lpage/finance/202105/dh20210504100550148320.htm?s_ref=nv
926,"신한은행, 통계청과 '데이터 활용 협력' MOU 체결",http://moneys.mt.co.kr/news/mwView.php?no=2021050713088059103
927,"신한은행, 개인형 IRP 고객 대상 이벤트 시행",https://daily.hankooki.com/lpage/finance/202105/dh20210503111808148320.htm?s_ref=nv
928,"신한은행, 강원도와 통합 서비스 플랫폼 구축 나서",http://www.wolyo.co.kr/news/articleView.html?idxno=118400
929,"신한은행-수소융합얼라이언스, 그린뉴딜 추진 위해 맞손",https://www.fetv.co.kr/news/article.html?no=84442
930,"신한은행-수소융합얼라이언스, 그린뉴딜 추진 위해 맞손",https://www.fetv.co.kr/news/article.html?no=84442
931,"신한은행, 통계청과 데이터 활용 및 공동연구 업무협약 체결",http://www.ddaily.co.kr/news/article.html?no=213811
932,"국민은행, 샌드박스 게이밍과 네이밍 스폰서십 추가 체결",http://www.dailysmart.co.kr/news/articleView.html?idxno=44900
933,"신한은행, 통합자산관리 플랫폼 ‘MY 자산’ 리뉴얼",http://www.newsway.co.kr/news/view?tp=1&ud=2021050616293522030
934,넥슨 '2021 신한은행 Hey Young 카트라이더 리그 시즌1' 팀전 결승 15일 개최,http://gamefocus.co.kr/detail.php?number=117424
935,[신상품] 신한은행 '신한 S 라이프케어 증여신탁',http://www.seoulfn.com/news/articleView.html?idxno=418992
936,"신한은행, 원화 ESG 채권 후순위채 4000억원 발행",https://www.ebn.co.kr/news/view/1482663/?sc=Naver
937,군경에 피격 신한은행 미얀마 양곤지점 현지 직원 사망,http://yna.kr/AKR20210402080000076?did=1195m
938,대형 암호화폐 거래소도 안심 못한다…은행들 제휴 기준 '깐깐',http://www.edaily.co.kr/news/newspath.asp?newsid=01161126629051216
939,고난도상품 녹취·숙려제 첫날 은행 90여개 상품 판매 중단,http://yna.kr/AKR20210510163200002?did=1195m
940,군경에 피격 신한은행 미얀마 양곤지점 현지 직원 사망,http://yna.kr/AKR20210402080000076?did=1195m
941,대형 암호화폐 거래소도 안심 못한다…은행들 제휴 기준 '깐깐',http://www.edaily.co.kr/news/newspath.asp?newsid=01161126629051216
942,고난도상품 녹취·숙려제 첫날 은행 90여개 상품 판매 중단,http://yna.kr/AKR20210510163200002?did=1195m
943,"신한은행, 강원도와 통합서비스 플랫폼 '나야나' 구축 추진",http://www.koreaittimes.com/news/articleView.html?idxno=105783
944,"신한은행, 4000억 원화 ESG 후순위채 발행",http://www.fntimes.com/html/view.php?ud=202105061749027455f09e13944d_18
945,"[쿡경제] 신한은행, ‘선물환 거래확인서 비대면 서비스’ 출시 外 NH농협은행",http://www.kukinews.com/newsView/kuk202105170078
946,"신한은행, 은행권 최초 통계청과 금융 빅데이터 공동연구",http://www.dt.co.kr/contents.html?article_no=2021050902109963077005&ref=naver
947,"신한은행, 신한 S Life Care 증여신탁 출시",http://www.dailysmart.co.kr/news/articleView.html?idxno=44292
948,[부고] 인천 신한은행 정상일 감독 부친상,https://sports.news.naver.com/news.nhn?oid=065&aid=0000216563
949,신한은행 '위드 콘서트' 개최,https://www.ebn.co.kr/news/view/1482395/?sc=Naver
950,신한은행 '위드 콘서트' 개최,https://www.ebn.co.kr/news/view/1482395/?sc=Naver
951,신한은행-통계청 데이터 활용 및 공동연구 협력 MOU 체결,http://www.consumernews.co.kr/news/articleView.html?idxno=626062
952,"신한은행, '신한 S라이프케어 증여신탁' 출시",http://www.newstomato.com/ReadNews.aspx?no=1042967&inflow=N
953,"일미리금계찜닭, 소자본창업지원위해 신한은행과 프랜차이즈론 업무 협약 체결",http://www.e2news.com/news/articleView.html?idxno=232701
954,"선 넘는 은행들, 사업 확장 위해 '적과의 동침'(종합)",https://view.asiae.co.kr/article/2021051414525093186
955,"국민은행, 샌드박스 게이밍과 네이밍 스폰서십 추가 체결",http://www.smedaily.co.kr/news/articleView.html?idxno=204080
956,이제 은행서 해외주식 받는다…신한은행 '해외주식 선물하기' 선봬,http://www.ngetnews.com/news/articleView.html?idxno=400265
957,"신한은행, 강원도와 ‘통합 서비스 플랫폼 구축’ 업무협약 체결",http://www.cnbnews.com/news/article.html?no=491601
958,"신한은행, 원화 ESG 채권 후순위채 4천억원 발행",http://www.joseilbo.com/news/news_read.php?uid=423117&class=51&grp=
959,"신한금융, 탄소·화석연료 2030년 제로 선언",http://www.whitepaper.co.kr/news/articleView.html?idxno=206252
960,"신한금융, 탄소·화석연료 2030년 제로 선언",http://www.whitepaper.co.kr/news/articleView.html?idxno=206252
961,"[금융워치] 똑똑한 '대출' 활용법…신한·하나·우리銀, 금융지원 및 이벤트 눈길",http://www.newswatch.kr/news/articleView.html?idxno=54846
962,"신한은행, 통계청과 데이터 활용·공동연구 업무협약",http://www.cnbnews.com/news/article.html?no=490601
963,'생활 플랫폼' 꿈꾸는 은행들…'앱 분리 전략'도 시동,http://news.mt.co.kr/mtview.php?no=2021051216051798659
964,"신한은행, 쏠 기프팅 서비스에 '해외주식 선물하기' 출시",http://www.womaneconomy.kr/news/articleView.html?idxno=102821
965,"신한은행, 수소융합얼라이언스와 손잡고 그린뉴딜 사업 추진나서",http://www.pinpointnews.co.kr/view.php?ud=2021051015091055109f27410725_45
966,"신한은행, 통합자산관리 플랫폼 'MY자산' 개편",http://www.seoulfn.com/news/articleView.html?idxno=418836
967,"""경쟁간 협업?"" 빅테크와 손잡는 은행들",http://www.dt.co.kr/contents.html?article_no=2021051402109963077001&ref=naver
968,"은행권 ""암호화폐 환치기 차단""…외인 송금한도 제한",http://www.dt.co.kr/contents.html?article_no=2021051102109963077004&ref=naver
969,"KB국민은행, '샌드박스 게이밍'과 네이밍 스폰서십 추가 체결",http://www.newsworks.co.kr/news/articleView.html?idxno=549660
970,"KB국민은행, '샌드박스 게이밍'과 네이밍 스폰서십 추가 체결",http://www.newsworks.co.kr/news/articleView.html?idxno=549660
971,"신한은행, S Life Care 증여신탁 출시…""증여·절세·투자 혜택을 한 번에""",https://www.hankyung.com/economy/article/2021050789306
972,"신한은행 충북본부, 충북체육회에 1억5000만원 기탁",http://www.dynews.co.kr/news/articleView.html?idxno=629531
973,"신한은행, ‘해외주식 선물하기’ 출시..간편하게 소액 해외주식 선물 발송",http://kpenews.com/View.aspx?No=1625818
974,"신한은행, '쏠 기프팅 서비스'에 해외주식 선물하기 오픈",http://www.smedaily.co.kr/news/articleView.html?idxno=203326
975,"신한은행, KT와 손잡고 '대안신용평가 모형' 개발",http://www.newsis.com/view/?id=NISX20210428_0001422951&cID=10401&pID=10400
976,"""신한은행"", 수소융합얼라이언스와 손잡고 그린뉴딜 사업 추진나서",https://www.chuksannews.co.kr/news/article.html?no=240925
977,"신한은행, 통합자산관리 플랫폼 'MY 자산' 리뉴얼",http://www.shinailbo.co.kr/news/articleView.html?idxno=1408088
978,"신한은행, 원화 ESG 채권 후순위채 4000억 발행",http://www.dt.co.kr/contents.html?article_no=2021050602109963077012&ref=naver
979,"신한은행, 수소융합얼라이언스와 그린뉴딜 추진",http://www.meconomynews.com/news/articleView.html?idxno=53332
980,"신한은행, 수소융합얼라이언스와 그린뉴딜 추진",http://www.meconomynews.com/news/articleView.html?idxno=53332
981,"'미얀마인도 리스크'…은행권, 신시장 개척 비상",http://www.mediapen.com/news/view/629343
982,신한은행 양곤지점 현지직원 피격…지점 임시폐쇄,http://yna.kr/AKR20210401028200002?did=1195m
983,"신한금융 3대 통신사와 협력 활발, 마이데이터 핵심 경쟁력 선점 원해",https://www.businesspost.co.kr/BP?command=article_view&num=230621
984,"'운명의 날' 신한은행…금감원, 오늘 라임 관련 제재심 재개",https://www.hankyung.com/economy/article/2021042225577
985,신한은행 '쏠 기프팅 서비스'에 '해외주식 선물하기' 탑재,http://www.efnews.co.kr/news/articleView.html?idxno=89975
986,"신한은행, '연금은 행복이다' 개인형IRP 경품 이벤트",https://magazine.hankyung.com/money/article/202105033483c
987,"신한은행, 운용자산에 상장지수펀드를 신규편입한 증여신탁 내놔",https://www.businesspost.co.kr/BP?command=article_view&num=230522
988,"신한은행, 4천억 ESG 채권 후순위채 발행",http://www.newstomato.com/ReadNews.aspx?no=1042675&inflow=N
989,"신한銀-강원도, 통합서비스 플랫폼 '나야나' 구축 협약",http://www.seoulfn.com/news/articleView.html?idxno=419572
990,"KB국민은행, 샌드박스 게이밍과 네이밍 스폰서십 추가 체결",http://www.slist.kr/news/articleView.html?idxno=253012
991,"신한은행, 원화 ESG채권 후순위채 4000억 발행",http://www.seoulfn.com/news/articleView.html?idxno=418886
992,"중징계 피한 신한은행장, 라임 판매 책임에 ‘주의적 경고’",https://www.seoul.co.kr/news/newsView.php?id=20210423500011&wlog_tag3=naver
993,"신한은행, 통합자산관리 플랫폼 ‘MY 자산’ 리뉴얼",http://psnews.co.kr/View.aspx?No=1592488
994,"금감원 ""라임 CI펀드 판매 신한銀 최대 75% 배상""(종합)",http://www.newsis.com/view/?id=NISX20210420_0001412601&cID=10401&pID=10400
995,"신한은행, 통계청과 빅데이터 기반 사회 문제 공동연구 진행",http://www.nspna.com/news/?mode=view&newsid=500698
996,"신한금융그룹, 정책형 뉴딜펀드 '첫' 투자 실행 완료",http://news.tf.co.kr/read/economy/1856746.htm
997,"신한은행, '신한 S Life Care' 증여신탁 출시",http://www.thebigdata.co.kr/view.php?ud=202105071729077239d0a8833aad_23
998,"신한은행, 학대피해아동쉼터에 차량 전달",http://www.enewstoday.co.kr/news/articleView.html?idxno=1475901
999,"신한은행, 통계청과 데이터 활용 및 공동연구 업무협약 체결",http://www.newsbrite.net/news/articleView.html?idxno=149402
